name,popularity,cumulative
John,5.299585,5.299585
James,4.574991,9.874576
William,4.409453,14.284029
Robert,3.821662,18.105691
Charles,2.518147,20.623838
Michael,2.366102,22.98994
Joseph,2.292487,25.282427
David,2.159018,27.441445
George,2.096747,29.538192
Thomas,1.901267,31.439459
Richard,1.829625,33.269084
Edward,1.427891,34.696975
Frank,1.339841,36.036816
Daniel,1.098732,37.135548
Paul,1.073593,38.209141
Donald,1.034592,39.243733
Christopher,1.029456,40.273189
Henry,0.959094,41.232283
Walter,0.90572,42.138003
Kenneth,0.834618,42.972621
Anthony,0.814686,43.787307
Matthew,0.797008,44.584315
Harry,0.79495,45.379265
Andrew,0.785335,46.1646
Arthur,0.753998,46.918598
Mark,0.711467,47.630065
Raymond,0.710208,48.340273
Albert,0.697036,49.037309
Ronald,0.663841,49.70115
Steven,0.660196,50.361346
Brian,0.605216,50.966562
Harold,0.601335,51.567897
Fred,0.589056,52.156953
Samuel,0.579873,52.736826
Willie,0.575889,53.312715
Kevin,0.573209,53.885924
Joshua,0.565345,54.451269
Timothy,0.560668,55.011937
Jack,0.560518,55.572455
Jason,0.542213,56.114668
Carl,0.52901,56.643678
Stephen,0.511472,57.15515
Joe,0.508141,57.663291
Gary,0.505097,58.168388
Jeffrey,0.502547,58.670935
Clarence,0.495593,59.166528
Louis,0.492879,59.659407
Roy,0.490522,60.149929
Larry,0.482597,60.632526
Ralph,0.469357,61.101883
Nicholas,0.45654,61.558423
Eric,0.451479,62.009902
Jacob,0.450619,62.460521
Benjamin,0.448095,62.908616
Peter,0.441114,63.34973
Ryan,0.427666,63.777396
Lawrence,0.420251,64.197647
Scott,0.41328,64.610927
Jerry,0.409608,65.020535
Patrick,0.405885,65.42642
Howard,0.403105,65.829525
Ernest,0.398502,66.228027
Earl,0.39153,66.619557
Jonathan,0.391095,67.010652
Eugene,0.390062,67.400714
Justin,0.37325,67.773964
Dennis,0.372261,68.146225
Gregory,0.366551,68.512776
Jesse,0.354253,68.867029
Brandon,0.351125,69.218154
Douglas,0.329672,69.547826
Francis,0.329493,69.877319
Gerald,0.328011,70.20533
Alexander,0.324048,70.529378
Alfred,0.31008,70.839458
Herbert,0.30867,71.148128
Jose,0.299464,71.447592
Aaron,0.292292,71.739884
Leonard,0.290462,72.030346
Adam,0.289183,72.319529
Russell,0.289034,72.608563
Roger,0.285948,72.894511
Charlie,0.282084,73.176595
Stanley,0.272945,73.44954
Frederick,0.272918,73.722458
Nathan,0.271728,73.994186
Philip,0.26345,74.257636
Billy,0.262495,74.520131
Martin,0.261413,74.781544
Tyler,0.254245,75.035789
Lee,0.253229,75.289018
Edwin,0.238919,75.527937
Norman,0.238891,75.766828
Keith,0.238821,76.005649
Wayne,0.238291,76.24394
Oscar,0.23633,76.48027
Zachary,0.236096,76.716366
Bruce,0.232084,76.94845
Elmer,0.231324,77.179774
Terry,0.230122,77.409896
Theodore,0.229299,77.639195
Kyle,0.228806,77.868001
Leo,0.22219,78.090191
Ray,0.22101,78.311201
Jeremy,0.219634,78.530835
Victor,0.218359,78.749194
Vincent,0.215505,78.964699
Leroy,0.213565,79.178264
Allen,0.212876,79.39114
Melvin,0.212657,79.603797
Sam,0.212183,79.81598
Bernard,0.206534,80.022514
Marvin,0.206199,80.228713
Herman,0.205493,80.434206
Floyd,0.204836,80.639042
Sean,0.203953,80.842995
Bobby,0.202844,81.045839
Lewis,0.201119,81.246958
Clifford,0.196917,81.443875
Phillip,0.195531,81.639406
Clyde,0.19302,81.832426
Glenn,0.192266,82.024692
Austin,0.191477,82.216169
Eddie,0.189091,82.40526
Johnny,0.18878,82.59404
Bryan,0.188034,82.782074
Alan,0.184246,82.96632
Dale,0.181679,83.147999
Juan,0.17974,83.327739
Curtis,0.177911,83.50565
Lloyd,0.176229,83.681879
Jimmy,0.17445,83.856329
Christian,0.174223,84.030552
Tom,0.169354,84.199906
Chester,0.168583,84.368489
Jim,0.167489,84.535978
Alex,0.165949,84.701927
Lester,0.163574,84.865501
Edgar,0.163204,85.028705
Randy,0.162957,85.191662
Leon,0.162254,85.353916
Steve,0.158786,85.512702
Warren,0.157693,85.670395
Craig,0.157341,85.827736
Harvey,0.156331,85.984067
Shawn,0.155895,86.139962
Travis,0.155855,86.295817
Tony,0.154034,86.449851
Jordan,0.153443,86.603294
Alvin,0.152572,86.755866
Bradley,0.151909,86.907775
Claude,0.150687,87.058462
Danny,0.148995,87.207457
Todd,0.148946,87.356403
Isaac,0.144635,87.501038
Wesley,0.143923,87.644961
Joel,0.142089,87.78705
Carlos,0.141317,87.928367
Nathaniel,0.141279,88.069646
Calvin,0.141221,88.210867
Mike,0.139627,88.350494
Rodney,0.138778,88.489272
Vernon,0.137906,88.627178
Will,0.137696,88.764874
Milton,0.134833,88.899707
Bill,0.134185,89.033892
Gordon,0.133819,89.167711
Manuel,0.131956,89.2996670000001
Jessie,0.131579,89.431246
Antonio,0.13144,89.5626860000001
Cody,0.130596,89.693282
Dylan,0.130252,89.823534
Ben,0.130187,89.953721
Chad,0.129824,90.0835450000001
Don,0.129177,90.212722
Ethan,0.128248,90.34097
Jay,0.127824,90.4687940000001
Cecil,0.127712,90.5965060000001
Gabriel,0.123862,90.7203680000001
Noah,0.122837,90.8432050000001
Luis,0.122769,90.9659740000001
Leslie,0.121929,91.0879030000001
Troy,0.119998,91.207901
Maurice,0.119992,91.327893
Gilbert,0.119639,91.4475320000001
Marcus,0.11951,91.5670420000001
Jerome,0.117662,91.6847040000001
Jeffery,0.116675,91.8013790000001
Franklin,0.116323,91.917702
Hugh,0.11212,92.029822
Luther,0.111564,92.1413860000001
Tommy,0.110452,92.2518380000001
Guy,0.110038,92.361876
Derek,0.109144,92.4710200000001
Jesus,0.108622,92.5796420000001
Ricky,0.108232,92.687874
Homer,0.108117,92.795991
Everett,0.107857,92.903848
Johnnie,0.107408,93.011256
Randall,0.106192,93.117448
Max,0.103578,93.221026
Glen,0.10339,93.324416
Cameron,0.102693,93.427109
Evan,0.102489,93.529598
Oliver,0.102445,93.6320430000001
Logan,0.101786,93.7338290000001
Dustin,0.101781,93.8356100000001
Dean,0.10168,93.9372900000001
Sidney,0.100683,94.0379730000001
Ronnie,0.09984,94.1378130000001
Luke,0.0995,94.2373130000001
Arnold,0.099184,94.3364970000001
Barry,0.099141,94.4356380000001
Elijah,0.09752,94.5331580000001
Dan,0.096733,94.6298910000001
Jimmie,0.096594,94.7264850000001
Gene,0.096173,94.8226580000001
Jared,0.095766,94.9184240000001
Caleb,0.095524,95.0139480000001
Marion,0.09409,95.1080380000001
Adrian,0.093318,95.2013560000001
Willard,0.093192,95.2945480000001
Mitchell,0.091889,95.3864370000001
Shane,0.091574,95.478011
Darrell,0.091486,95.569497
Wallace,0.090665,95.660162
Julius,0.09066,95.750822
Corey,0.08993,95.840752
Clayton,0.089651,95.930403
Jon,0.089452,96.019855
Roland,0.088374,96.108229
Julian,0.088073,96.196302
Virgil,0.087506,96.283808
Ian,0.086563,96.370371
Morris,0.086521,96.456892
Lonnie,0.086462,96.543354
Horace,0.084091,96.627445
Micheal,0.083713,96.711158
Chris,0.083447,96.7946050000001
Ira,0.082493,96.877098
Angel,0.081914,96.9590120000001
Clinton,0.081759,97.040771
Archie,0.081673,97.1224440000001
Bob,0.080001,97.202445
Miguel,0.079455,97.2819
Brett,0.079154,97.361054
Hunter,0.07892,97.439974
Seth,0.078538,97.518512
Wilbur,0.077543,97.596055
Jeff,0.077339,97.673394
Earnest,0.075473,97.748867
Jake,0.074666,97.823533
Marshall,0.074659,97.898192
Otto,0.074382,97.972574
Karl,0.073927,98.046501
Ivan,0.073613,98.120114
Mario,0.073578,98.193692
Erik,0.073473,98.267165
Otis,0.073352,98.340517
Jeremiah,0.073331,98.413848
Isaiah,0.073038,98.486886
Owen,0.07293,98.559816
Duane,0.072481,98.632297
Hubert,0.072203,98.7045
Brent,0.072116,98.776616
Ed,0.071579,98.848195
Willis,0.071463,98.919658
Francisco,0.071058,98.990716
Marc,0.071052,99.061768
Perry,0.070152,99.13192
Trevor,0.069986,99.201906
Derrick,0.069694,99.2716
Jackson,0.069278,99.340878
Nelson,0.068637,99.409515
Bert,0.0686,99.478115
Grant,0.068005,99.54612
Ross,0.067764,99.613884
Lucas,0.06766,99.681544
Neil,0.067379,99.748923
Ruben,0.066943,99.815866
Dave,0.06655,99.882416
Mason,0.066534,99.94895
Connor,0.06648,100.01543
Reginald,0.066474,100.081904
Allan,0.066405,100.148309
Ricardo,0.065286,100.213595
Clifton,0.065285,100.27888
Devin,0.064968,100.343848
Blake,0.064506,100.408354
Dominic,0.064252,100.472606
Abraham,0.063702,100.536308
Cory,0.063318,100.599626
Rudolph,0.063028,100.662654
Garrett,0.06213,100.724784
Preston,0.062007,100.786791
Spencer,0.061696,100.848487
Charley,0.061307,100.909794
August,0.06113,100.970924
Grover,0.061048,101.031972
Irving,0.059392,101.091364
Felix,0.05919,101.150554
Bennie,0.059009,101.209563
Byron,0.058862,101.268425
Ted,0.058313,101.326738
Taylor,0.058054,101.384792
Edmund,0.057963,101.442755
Rufus,0.057885,101.50064
Levi,0.05732,101.55796
Andre,0.056733,101.614693
Jorge,0.056558,101.671251
Emil,0.056096,101.727347
Mack,0.05499,101.782337
Casey,0.054822,101.837159
Fredrick,0.054772,101.891931
Percy,0.054563,101.946494
Andy,0.054418,102.000912
Sylvester,0.053882,102.054794
Alejandro,0.053862,102.108656
Roberto,0.053787,102.162443
Dwight,0.053185,102.215628
Freddie,0.053142,102.26877
Pedro,0.052451,102.321221
Chase,0.052249,102.37347
Lance,0.051722,102.425192
Orville,0.05117,102.476362
Angelo,0.050516,102.526878
Darren,0.050499,102.577377
Harrison,0.050308,102.627685
Gavin,0.050152,102.677837
Wade,0.050077,102.727914
Hector,0.049976,102.77789
Colin,0.049685,102.827575
Lyle,0.049656,102.877231
Jackie,0.049527,102.926758
Ramon,0.048428,102.975186
Dewey,0.048041,103.023227
Elbert,0.047995,103.071222
Emmett,0.047584,103.118806
Irvin,0.047541,103.166347
Mathew,0.047507,103.213854
Kelly,0.047194,103.261048
Cole,0.04693,103.307978
Ellis,0.046829,103.354807
Darryl,0.046746,103.401553
Forrest,0.046605,103.448158
Delbert,0.046526,103.494684
Pete,0.046284,103.540968
Amos,0.046106,103.587074
Tim,0.045691,103.632765
Wilson,0.04557,103.678335
Simon,0.045294,103.723629
Riley,0.045098,103.768727
Stuart,0.045006,103.813733
Jamie,0.044978,103.858711
Malcolm,0.044466,103.903177
Eduardo,0.044144,103.947321
Alonzo,0.04399,103.991311
Fernando,0.043907,104.035218
Alton,0.043871,104.079089
Kurt,0.043851,104.12294
Cornelius,0.043737,104.166677
Salvatore,0.043605,104.210282
Leland,0.043464,104.253746
Nick,0.043248,104.296994
Sherman,0.043086,104.34008
Brad,0.042963,104.383043
Raul,0.042961,104.426004
Omar,0.042733,104.468737
Rex,0.042214,104.510951
Eli,0.041957,104.552908
Bryce,0.041761,104.594669
Lynn,0.041629,104.636298
Neal,0.041312,104.67761
Ervin,0.04098,104.71859
Moses,0.040482,104.759072
Xavier,0.040339,104.799411
Johnathan,0.040327,104.839738
Tyrone,0.040315,104.880053
Javier,0.040295,104.920348
Rick,0.040002,104.96035
Wilbert,0.039994,105.000344
Jess,0.039826,105.04017
Wendell,0.039745,105.079915
Roosevelt,0.039462,105.119377
Harley,0.039426,105.158803
Brendan,0.039401,105.198204
Laurence,0.039249,105.237453
Dwayne,0.038947,105.2764
Greg,0.038928,105.315328
Myron,0.038464,105.353792
Carroll,0.03807,105.391862
Rafael,0.037805,105.429667
Woodrow,0.037766,105.467433
Carlton,0.037669,105.505102
Loren,0.037636,105.542738
Dallas,0.037584,105.580322
Gerard,0.037546,105.617868
Aidan,0.037502,105.65537
Terrence,0.037368,105.692738
Reuben,0.037295,105.730033
Dalton,0.037149,105.767182
Kent,0.03707,105.804252
Dominick,0.037047,105.841299
Adolph,0.03703,105.878329
Sebastian,0.036768,105.915097
Roscoe,0.036753,105.95185
Dakota,0.036655,105.988505
Wyatt,0.036539,106.025044
Clark,0.036537,106.061581
Lowell,0.036528,106.098109
Miles,0.036314,106.134423
Grady,0.036014,106.170437
Lorenzo,0.036006,106.206443
Armando,0.035767,106.24221
Tanner,0.035424,106.277634
Randolph,0.035408,106.313042
Andres,0.035377,106.348419
Carter,0.03525,106.383669
Emanuel,0.035234,106.418903
Jasper,0.035213,106.454116
Landon,0.035151,106.489267
Kirk,0.03502,106.524287
Brady,0.034827,106.559114
Tracy,0.034754,106.593868
Shaun,0.034709,106.628577
Wilfred,0.034691,106.663268
Jayden,0.034499,106.697767
Terrance,0.034437,106.732204
Maxwell,0.034221,106.766425
Tristan,0.034071,106.800496
Donnie,0.034025,106.834521
Nicolas,0.033693,106.868214
Merle,0.033522,106.901736
Tommie,0.033306,106.935042
Diego,0.033276,106.968318
Johnie,0.033044,107.001362
Daryl,0.032946,107.034308
Benny,0.032942,107.06725
Gus,0.032808,107.100058
Drew,0.03266,107.132718
Carson,0.032452,107.16517
Hayden,0.032427,107.197597
Aiden,0.032013,107.22961
Sergio,0.031994,107.261604
Damon,0.031845,107.293449
Elias,0.031385,107.324834
Jaime,0.03115,107.355984
Jonathon,0.031076,107.38706
Dana,0.031065,107.418125
Alberto,0.030832,107.448957
Junior,0.030722,107.479679
Ollie,0.03071,107.510389
Colton,0.030688,107.541077
Devon,0.030668,107.571745
Conrad,0.030426,107.602171
Rickey,0.029888,107.632059
Nolan,0.029722,107.661781
Kristopher,0.029695,107.691476
Parker,0.029679,107.721155
Marco,0.029479,107.750634
Dick,0.029452,107.780086
Alfredo,0.029452,107.809538
Louie,0.029363,107.838901
Aubrey,0.029222,107.868123
Cesar,0.028858,107.896981
Julio,0.02879,107.925771
Israel,0.028761,107.954532
Erick,0.028598,107.98313
Cleveland,0.028329,108.011459
Billie,0.028315,108.039774
Collin,0.028273,108.068047
Rudy,0.028214,108.096261
Micah,0.028159,108.12442
Rene,0.027981,108.152401
Noel,0.027976,108.180377
Enrique,0.027976,108.208353
Solomon,0.027964,108.236317
Geoffrey,0.027865,108.264182
Anton,0.027743,108.291925
Shannon,0.027716,108.319641
Boyd,0.027661,108.347302
Loyd,0.027635,108.374937
Claud,0.02762,108.402557
Edmond,0.027513,108.43007
Silas,0.027251,108.457321
Morgan,0.027189,108.48451
Bryant,0.027047,108.511557
Roderick,0.026861,108.538418
Alfonso,0.026635,108.565053
Millard,0.02648,108.591533
Orlando,0.026416,108.617949
Arturo,0.026351,108.6443
Dillon,0.026112,108.670412
Clay,0.025617,108.696029
Stewart,0.025502,108.721531
Monroe,0.025466,108.746997
Garry,0.025445,108.772442
Damian,0.02539,108.797832
Sammy,0.025338,108.82317
Elwood,0.025299,108.848469
Kenny,0.025198,108.873667
Salvador,0.025115,108.898782
Wiley,0.025066,108.923848
Roman,0.025056,108.948904
Kerry,0.025052,108.973956
Burton,0.025037,108.998993
Joey,0.024903,109.023896
Alexis,0.024625,109.048521
Alec,0.024236,109.072757
Barney,0.024209,109.096966
Josiah,0.024166,109.121132
Emmanuel,0.024145,109.145277
Pat,0.024116,109.169393
Murray,0.024107,109.1935
Liam,0.024022,109.217522
Erwin,0.023912,109.241434
Elliott,0.023735,109.265169
Doyle,0.023735,109.288904
Pablo,0.023523,109.312427
Garland,0.02337,109.335797
Van,0.023252,109.359049
Kaleb,0.023233,109.382282
Sheldon,0.023168,109.40545
Kelvin,0.023122,109.428572
Alva,0.023074,109.451646
Donovan,0.022986,109.474632
Frankie,0.022892,109.497524
Eldon,0.022891,109.520415
Avery,0.022645,109.54306
Saul,0.022462,109.565522
Sterling,0.022395,109.587917
Cristian,0.022308,109.610225
Mary,0.022255,109.63248
Robin,0.022073,109.654553
Brayden,0.022015,109.676568
Trent,0.021899,109.698467
Gerardo,0.021811,109.720278
Hiram,0.02176,109.742038
Jaden,0.021701,109.763739
Darius,0.021584,109.785323
Ernesto,0.021454,109.806777
Hugo,0.021223,109.828
Teddy,0.021213,109.849213
Lionel,0.021173,109.870386
Trenton,0.02117,109.891556
Colby,0.020746,109.912302
Cedric,0.020511,109.932813
Damien,0.020304,109.953117
Lamar,0.020297,109.973414
Clint,0.020234,109.993648
Marcos,0.020218,110.013866
Jermaine,0.020092,110.033958
Ned,0.019594,110.053552
Abel,0.019486,110.073038
Forest,0.019425,110.092463
Matt,0.019309,110.111772
Emery,0.019296,110.131068
Quentin,0.019268,110.150336
Ezra,0.019217,110.169553
Jean,0.019051,110.188604
Norbert,0.019001,110.207605
Elton,0.018987,110.226592
Harlan,0.018953,110.245545
Nickolas,0.018888,110.264433
Ashton,0.018819,110.283252
Anderson,0.018796,110.302048
Jonah,0.018735,110.320783
Blaine,0.018635,110.339418
Augustus,0.018558,110.357976
Isiah,0.018481,110.376457
Emory,0.018473,110.39493
Mose,0.018396,110.413326
Earle,0.018363,110.431689
Ron,0.018339,110.450028
Irwin,0.018153,110.468181
Gregg,0.018145,110.486326
Darrel,0.018125,110.504451
Gage,0.018091,110.522542
Giovanni,0.018066,110.540608
Bradford,0.018049,110.558657
Elvin,0.018047,110.576704
Ty,0.01801,110.594714
Ward,0.017957,110.612671
Jefferson,0.017907,110.630578
Tomas,0.017694,110.648272
Abe,0.017558,110.66583
Vance,0.017533,110.683363
Clement,0.017281,110.700644
Sammie,0.017161,110.717805
Terence,0.017125,110.73493
Rodolfo,0.017122,110.752052
Kim,0.01703,110.769082
Conner,0.016987,110.786069
Davis,0.01693,110.802999
Winston,0.016883,110.819882
Al,0.016871,110.836753
Emilio,0.0168,110.853553
Cyrus,0.01678,110.870333
Thurman,0.016776,110.887109
Felipe,0.016757,110.903866
Leonardo,0.016732,110.920598
Malik,0.016714,110.937312
Darin,0.016695,110.954007
Phil,0.016661,110.970668
Terrell,0.016661,110.987329
Caden,0.016658,111.003987
Sanford,0.016603,111.02059
Santiago,0.016548,111.037138
Cooper,0.016541,111.053679
Guadalupe,0.016516,111.070195
Dante,0.016423,111.086618
Thaddeus,0.016382,111.103
Kendall,0.016373,111.119373
Ulysses,0.016365,111.135738
Graham,0.01634,111.152078
Dexter,0.016337,111.168415
Brock,0.016322,111.184737
Russel,0.016249,111.200986
Chance,0.016236,111.217222
Ken,0.016224,111.233446
Clair,0.016104,111.24955
Braden,0.01605,111.2656
Dock,0.016028,111.281628
Josue,0.016019,111.297647
Toby,0.015893,111.31354
Cary,0.015795,111.329335
Rocco,0.015781,111.345116
Buddy,0.015776,111.360892
Maynard,0.015707,111.376599
Jody,0.015696,111.392295
Wilmer,0.015666,111.407961
Kaden,0.015663,111.423624
Asa,0.015662,111.439286
Marty,0.015632,111.454918
Kermit,0.015601,111.470519
Demetrius,0.015542,111.486061
Zane,0.015417,111.501478
Vern,0.015408,111.516886
Reed,0.01538,111.532266
Columbus,0.015248,111.547514
Royce,0.015236,111.56275
Jerald,0.01522,111.57797
Morton,0.015207,111.593177
Tyson,0.015145,111.608322
Edd,0.015135,111.623457
Jonas,0.015113,111.63857
Gustavo,0.015098,111.653668
Darrin,0.015025,111.668693
Bud,0.014994,111.683687
Hal,0.01494,111.698627
Trey,0.014894,111.713521
Ora,0.014886,111.728407
Jalen,0.014767,111.743174
Newton,0.014707,111.757881
Mickey,0.014701,111.772582
Darwin,0.014699,111.787281
Emerson,0.014698,111.801979
Norris,0.014686,111.816665
Major,0.014669,111.831334
Walker,0.014647,111.845981
Bret,0.014584,111.860565
Elliot,0.014549,111.875114
Myles,0.014525,111.889639
Dudley,0.014516,111.904155
Booker,0.014389,111.918544
Merrill,0.014289,111.932833
Jamal,0.014227,111.94706
Ismael,0.014177,111.961237
Ferdinand,0.014172,111.975409
Gilberto,0.014141,111.98955
Seymour,0.014113,112.003663
Marlin,0.014109,112.017772
Guillermo,0.014086,112.031858
Freeman,0.014008,112.045866
Elmo,0.013985,112.059851
Randal,0.013932,112.073783
Fabian,0.013915,112.087698
Peyton,0.013884,112.101582
Frederic,0.013831,112.115413
Cyril,0.013792,112.129205
Odell,0.013768,112.142973
Skyler,0.013751,112.156724
Bennett,0.013719,112.170443
Bobbie,0.013703,112.184146
Fletcher,0.013701,112.197847
Cleo,0.013671,112.211518
Ike,0.013656,112.225174
Royal,0.013641,112.238815
Hollis,0.013565,112.25238
Heath,0.013543,112.265923
Dewayne,0.013467,112.27939
Alphonse,0.013455,112.292845
Coy,0.013436,112.306281
Basil,0.013421,112.319702
Antoine,0.013366,112.333068
Zachery,0.013295,112.346363
Lincoln,0.013289,112.359652
Pearl,0.013243,112.372895
Freddy,0.013226,112.386121
Marlon,0.013207,112.399328
Darnell,0.013199,112.412527
Herschel,0.013179,112.425706
Lane,0.013176,112.438882
Dane,0.013123,112.452005
Harris,0.013113,112.465118
Delmar,0.013103,112.478221
Brody,0.013004,112.491225
Shelby,0.01295,112.504175
Foster,0.012892,112.517067
Truman,0.012884,112.529951
Lon,0.012864,112.542815
Stephan,0.012853,112.555668
Houston,0.012823,112.568491
Lyman,0.012803,112.581294
Carey,0.012746,112.59404
Ambrose,0.012728,112.606768
Jarrod,0.012637,112.619405
Armand,0.012631,112.632036
Gustave,0.01261,112.644646
Quinton,0.012534,112.65718
Carmen,0.012519,112.669699
Hans,0.012513,112.682212
Rodger,0.012512,112.694724
Wilford,0.012464,112.707188
Duncan,0.012429,112.719617
Vaughn,0.012398,112.732015
Jayson,0.012393,112.744408
Laverne,0.012317,112.756725
Zackary,0.0123,112.769025
Coleman,0.012298,112.781323
Chandler,0.012297,112.79362
Branden,0.012291,112.805911
Milo,0.012265,112.818176
Josh,0.01225,112.830426
Buford,0.012196,112.842622
Orval,0.012188,112.85481
Weldon,0.012179,112.866989
Timmy,0.012152,112.879141
Lemuel,0.012131,112.891272
Rocky,0.011947,112.903219
Desmond,0.011942,112.915161
Quincy,0.011926,112.927087
Ramiro,0.011883,112.93897
Wilburn,0.01187,112.95084
Reid,0.011867,112.962707
Lucius,0.011837,112.974544
Dewitt,0.011818,112.986362
Mckinley,0.011808,112.99817
Bryson,0.011789,113.009959
Stacy,0.011785,113.021744
Ellsworth,0.011777,113.033521
Courtney,0.011713,113.045234
Garfield,0.011711,113.056945
Ezekiel,0.011647,113.068592
Monte,0.011615,113.080207
Elisha,0.011593,113.0918
Shirley,0.01159,113.10339
Merlin,0.011583,113.114973
Bruno,0.011537,113.12651
Lamont,0.01153,113.13804
Enoch,0.01152,113.14956
Buster,0.011513,113.161073
Aron,0.011464,113.172537
Griffin,0.011359,113.183896
Porter,0.011323,113.195219
Deandre,0.01132,113.206539
Alphonso,0.01129,113.217829
Jan,0.011243,113.229072
Issac,0.011217,113.240289
Esteban,0.011211,113.2515
Omer,0.011207,113.262707
Linwood,0.011169,113.273876
Doug,0.011169,113.285045
Malachi,0.011156,113.296201
Denis,0.011141,113.307342
Ernie,0.011132,113.318474
Johnathon,0.011112,113.329586
Dee,0.011087,113.340673
Rogelio,0.011069,113.351742
Jakob,0.010983,113.362725
Brennan,0.010935,113.37366
Beau,0.010923,113.384583
Raphael,0.010828,113.395411
Sol,0.010712,113.406123
Pierre,0.010651,113.416774
Dawson,0.010618,113.427392
Bailey,0.010486,113.437878
Emile,0.010481,113.448359
Kendrick,0.010472,113.458831
Rolando,0.010431,113.469262
Quinn,0.010411,113.479673
Ignacio,0.010343,113.490016
Olin,0.010334,113.50035
Rory,0.010253,113.510603
Rolland,0.010181,113.520784
Zachariah,0.010177,113.530961
Judson,0.010164,113.541125
Jarrett,0.01013,113.551255
Brooks,0.010119,113.561374
Robbie,0.010092,113.571466
Winfield,0.010087,113.581553
Sandy,0.010075,113.591628
Napoleon,0.010044,113.601672
Keegan,0.010001,113.611673
Bertram,0.01,113.621673
Marquis,0.009979,113.631652
Vito,0.009974,113.641626
Mervin,0.009973,113.651599
Noble,0.009964,113.661563
Reynaldo,0.00995,113.671513
Ayden,0.009948,113.681461
Drake,0.009928,113.691389
King,0.009904,113.701293
Prince,0.009882,113.711175
Gale,0.009868,113.721043
Alden,0.009856,113.730899
Bart,0.009829,113.740728
Milford,0.009821,113.750549
Moises,0.009818,113.760367
Joesph,0.009766,113.770133
Denver,0.009754,113.779887
Brenden,0.009739,113.789626
Jace,0.009736,113.799362
Lenard,0.009734,113.809096
Ashley,0.009702,113.818798
Dominique,0.009692,113.82849
Vicente,0.00966,113.83815
Elvis,0.009615,113.847765
Weston,0.009609,113.857374
Chauncey,0.00957,113.866944
Joaquin,0.009533,113.876477
Winfred,0.009502,113.885979
Jaylen,0.0095,113.895479
Santos,0.009448,113.904927
Galen,0.00938,113.914307
Theron,0.00934,113.923647
Tucker,0.009335,113.932982
Marcel,0.009319,113.942301
Kirby,0.009262,113.951563
Hyman,0.009161,113.960724
Scotty,0.009139,113.969863
Kameron,0.009071,113.978934
Kody,0.009031,113.987965
Abram,0.008967,113.996932
Everette,0.008956,114.005888
Isadore,0.008948,114.014836
Hershel,0.008933,114.023769
Sydney,0.008906,114.032675
Pasquale,0.008902,114.041577
Raleigh,0.008894,114.050471
Chuck,0.008881,114.059352
Clem,0.008814,114.068166
Burl,0.008807,114.076973
Harmon,0.00878,114.085753
Adan,0.008774,114.094527
Granville,0.008714,114.103241
Blair,0.008694,114.111935
Aloysius,0.008669,114.120604
Carmine,0.008646,114.12925
Corbin,0.008618,114.137868
Burt,0.008607,114.146475
Axel,0.008588,114.155063
Cade,0.008584,114.163647
Derick,0.008568,114.172215
Domingo,0.008554,114.180769
Carlo,0.008552,114.189321
Junius,0.008535,114.197856
Warner,0.008528,114.206384
Addison,0.008527,114.214911
Curt,0.008472,114.223383
Brendon,0.008449,114.231832
Gail,0.008446,114.240278
Lukas,0.008442,114.24872
Odis,0.008394,114.257114
Verne,0.008381,114.265495
Rusty,0.008374,114.273869
Augustine,0.008367,114.282236
Arlie,0.008356,114.290592
General,0.008338,114.29893
Kyler,0.008326,114.307256
Grayson,0.008315,114.315571
Braxton,0.008307,114.323878
Sonny,0.008292,114.33217
Jules,0.008287,114.340457
Fay,0.008287,114.348744
Ali,0.008242,114.356986
Stefan,0.008233,114.365219
Wilber,0.00823,114.373449
Haywood,0.008224,114.381673
Oren,0.008213,114.389886
Jarvis,0.008206,114.398092
Conor,0.008187,114.406279
Payton,0.008178,114.414457
Kurtis,0.008173,114.42263
Waldo,0.008156,114.430786
Noe,0.008143,114.438929
Cliff,0.008113,114.447042
Adolfo,0.008098,114.45514
Patsy,0.008071,114.463211
Rodrigo,0.008047,114.471258
Benito,0.008039,114.479297
Arther,0.007985,114.487282
Berry,0.007979,114.495261
Dion,0.007963,114.503224
Bernie,0.007865,114.511089
Lavern,0.007846,114.518935
Wilton,0.007836,114.526771
Lacy,0.007789,114.53456
Cleve,0.007668,114.542228
Pierce,0.007651,114.549879
Denny,0.007637,114.557516
Chas,0.007594,114.56511
Otha,0.00755,114.57266
Valentine,0.007542,114.580202
Hoyt,0.007531,114.587733
Efrain,0.007521,114.595254
Shelton,0.007491,114.602745
Connie,0.007484,114.610229
Rickie,0.007479,114.617708
Humberto,0.007462,114.62517
Mitchel,0.007451,114.632621
Nikolas,0.007432,114.640053
Gustav,0.007427,114.64748
Olen,0.007423,114.654903
Lucian,0.00742,114.662323
Zackery,0.007415,114.669738
Cletus,0.007394,114.677132
Dorian,0.00739,114.684522
Mauricio,0.007365,114.691887
Gerry,0.007357,114.699244
Kristian,0.007354,114.706598
Hardy,0.007352,114.71395
Reese,0.007333,114.721283
Abner,0.007306,114.728589
Palmer,0.0073,114.735889
Nathanael,0.007297,114.743186
Emmitt,0.007279,114.750465
Buck,0.007268,114.757733
Otho,0.007219,114.764952
Rubin,0.007214,114.772166
Frances,0.007191,114.779357
Monty,0.007163,114.78652
Dorsey,0.007096,114.793616
Early,0.00708,114.800696
Jeffry,0.007065,114.807761
Damion,0.007048,114.814809
Lindsey,0.007034,114.821843
Keenan,0.00699,114.828833
Delmer,0.006986,114.835819
Arch,0.006942,114.842761
Rupert,0.006928,114.849689
Cruz,0.006901,114.85659
Carol,0.006897,114.863487
Allie,0.006896,114.870383
Ivory,0.006893,114.877276
Lawson,0.006881,114.884157
Camden,0.006879,114.891036
Ronny,0.006848,114.897884
Lucien,0.006841,114.904725
Kai,0.006826,114.911551
Madison,0.006808,114.918359
Hobert,0.006799,114.925158
Fritz,0.006795,114.931953
Bryon,0.006794,114.938747
Barton,0.006784,114.945531
Agustin,0.006746,114.952277
Stacey,0.006732,114.959009
Brice,0.006726,114.965735
Ariel,0.006684,114.972419
Romeo,0.00664,114.979059
Donte,0.006562,114.985621
Jamar,0.006552,114.992173
Scot,0.006539,114.998712
Amir,0.00651,115.005222
Benjiman,0.006505,115.011727
Emmet,0.006474,115.018201
Dayton,0.006464,115.024665
Merton,0.006458,115.031123
Kory,0.006442,115.037565
Aldo,0.006433,115.043998
Elzie,0.006404,115.050402
Alford,0.006379,115.056781
Archibald,0.006328,115.063109
Rashad,0.006326,115.069435
Javon,0.006313,115.075748
Hobart,0.006288,115.082036
Skylar,0.006258,115.088294
Hudson,0.006248,115.094542
Elmore,0.006242,115.100784
Adolphus,0.006232,115.107016
Tyrell,0.006232,115.113248
Kris,0.006231,115.119479
Turner,0.006217,115.125696
Chadwick,0.006211,115.131907
Gregorio,0.006205,115.138112
Kareem,0.006192,115.144304
Tristen,0.006175,115.150479
Jaxon,0.006129,115.156608
Deshawn,0.006124,115.162732
Rollin,0.006117,115.168849
Webster,0.006081,115.17493
Keaton,0.006069,115.180999
Green,0.006059,115.187058
Merritt,0.006053,115.193111
Rogers,0.006037,115.199148
Albin,0.006032,115.20518
Donnell,0.006031,115.211211
Jarred,0.006026,115.217237
Thad,0.006024,115.223261
Deon,0.006012,115.229273
Lucious,0.005997,115.23527
Clarance,0.005991,115.241261
Ahmad,0.005983,115.247244
Theo,0.005976,115.25322
Donny,0.005969,115.259189
Benedict,0.005956,115.265145
Maximilian,0.005952,115.271097
Walton,0.005941,115.277038
Casper,0.005933,115.282971
Wm,0.005916,115.288887
Tobias,0.005898,115.294785
Brenton,0.005864,115.300649
Elroy,0.005856,115.306505
Darian,0.005848,115.312353
Leander,0.005819,115.318172
Eddy,0.005792,115.323964
Judge,0.005778,115.329742
Meyer,0.005759,115.335501
Leonel,0.005716,115.341217
Jewel,0.00571,115.346927
Alvaro,0.005684,115.352611
Gaylord,0.005678,115.358289
Johnson,0.005645,115.363934
Zack,0.005632,115.369566
Eldridge,0.005617,115.375183
Lafayette,0.005587,115.38077
Quintin,0.005583,115.386353
Jordon,0.005577,115.39193
Orin,0.005568,115.397498
Jamison,0.005564,115.403062
Beverly,0.005556,115.408618
Garret,0.005552,115.41417
Jewell,0.005526,115.419696
Margaret,0.005515,115.425211
Cayden,0.005514,115.430725
Henderson,0.005505,115.43623
Stanford,0.005497,115.441727
Sawyer,0.005496,115.447223
Jarod,0.005494,115.452717
Reece,0.005488,115.458205
Jaiden,0.005485,115.46369
Kennith,0.005449,115.469139
Trevon,0.005393,115.474532
Zion,0.005389,115.479921
Fidel,0.005388,115.485309
Carrol,0.005358,115.490667
Antwan,0.005358,115.496025
Stevie,0.005351,115.501376
Domenic,0.005328,115.506704
Demarcus,0.005326,115.51203
Benton,0.005324,115.517354
Fredric,0.005308,115.522662
Hilton,0.005303,115.527965
Lanny,0.005302,115.533267
Devan,0.00525,115.538517
Tyree,0.005247,115.543764
Justice,0.00524,115.549004
Ottis,0.005232,115.554236
Asher,0.00522,115.559456
Osvaldo,0.005217,115.564673
Markus,0.00521,115.569883
Antone,0.005206,115.575089
Jude,0.005205,115.580294
Garth,0.005202,115.585496
Alvie,0.005199,115.590695
Cornell,0.005194,115.595889
Rollie,0.00515,115.601039
Kobe,0.005142,115.606181
Landen,0.005141,115.611322
Mac,0.005132,115.616454
Erich,0.005124,115.621578
Helen,0.00511,115.626688
Smith,0.005108,115.631796
Davon,0.005083,115.636879
Art,0.005077,115.641956
Elwin,0.005072,115.647028
Felton,0.005072,115.6521
Unknown,0.005041,115.657141
Huey,0.005024,115.662165
Kasey,0.005016,115.667181
Lonzo,0.005013,115.672194
Mateo,0.004983,115.677177
Hosea,0.004974,115.682151
Khalil,0.004967,115.687118
Jameson,0.004931,115.692049
Hermon,0.00493,115.696979
Obie,0.004912,115.701891
Gino,0.00491,115.706801
Reggie,0.00488,115.711681
Artie,0.004872,115.716553
Arden,0.004867,115.72142
Orrin,0.004861,115.726281
Kayden,0.004841,115.731122
Ole,0.004835,115.735957
Holden,0.004832,115.740789
Raymon,0.004823,115.745612
Alvis,0.004811,115.750423
Giles,0.004808,115.755231
Angus,0.004791,115.760022
Williams,0.004789,115.764811
Crawford,0.004785,115.769596
Korey,0.004764,115.77436
Anna,0.004762,115.779122
Bonnie,0.004748,115.78387
Harland,0.004709,115.788579
Titus,0.004691,115.79327
Nigel,0.004686,115.797956
Dirk,0.004683,115.802639
Jamel,0.004664,115.807303
Washington,0.00466,115.811963
Clare,0.004659,115.816622
Oswald,0.004657,115.821279
Camron,0.004645,115.825924
Uriel,0.004641,115.830565
Michel,0.004608,115.835173
Shayne,0.004598,115.839771
Rhett,0.004595,115.844366
Nels,0.004573,115.848939
Howell,0.004565,115.853504
Hamilton,0.004563,115.858067
Robby,0.004554,115.862621
Barrett,0.004542,115.867163
Mahlon,0.00454,115.871703
Oran,0.004523,115.876226
Evert,0.004523,115.880749
Miller,0.00451,115.885259
Tate,0.004467,115.889726
Dusty,0.004465,115.894191
Jerrold,0.004463,115.898654
Carleton,0.004461,115.903115
Isidore,0.004454,115.907569
Evans,0.004452,115.912021
Jaron,0.004445,115.916466
Rigoberto,0.004436,115.920902
Elza,0.004427,115.925329
Devonte,0.004416,115.929745
Scottie,0.004414,115.934159
Paris,0.004411,115.93857
Hayward,0.004386,115.942956
Ford,0.004376,115.947332
Mikel,0.004371,115.951703
Mohammad,0.004369,115.956072
Bernice,0.004353,115.960425
Daren,0.004332,115.964757
Elden,0.004326,115.969083
Jerrod,0.004319,115.973402
Elizabeth,0.004318,115.97772
Randell,0.004317,115.982037
Dannie,0.004314,115.986351
Gust,0.004312,115.990663
Hazel,0.004295,115.994958
Rosevelt,0.004294,115.999252
Boyce,0.004285,116.003537
Christ,0.004281,116.007818
Danial,0.004281,116.012099
Kaiden,0.004271,116.01637
Dillard,0.004266,116.020636
Murphy,0.004258,116.024894
Deangelo,0.004258,116.029152
Nathanial,0.004237,116.033389
Cloyd,0.004233,116.037622
Rylan,0.004225,116.041847
Tevin,0.004223,116.04607
Ruby,0.00421,116.05028
Kellen,0.004182,116.054462
Talmadge,0.004135,116.058597
Casimir,0.004135,116.062732
Toney,0.004123,116.066855
Ahmed,0.004114,116.070969
June,0.004098,116.075067
Braeden,0.004096,116.079163
Wylie,0.004084,116.083247
Loy,0.004076,116.087323
Kristofer,0.00406,116.091383
Ryder,0.004042,116.095425
Cullen,0.00404,116.099465
Gonzalo,0.00404,116.103505
Dorothy,0.004039,116.107544
Xander,0.004029,116.111573
Mohamed,0.004028,116.115601
Brayan,0.004025,116.119626
Watson,0.004024,116.12365
Vivian,0.004022,116.127672
Kade,0.004016,116.131688
Maxie,0.004003,116.135691
Chaz,0.003989,116.13968
Aden,0.003989,116.143669
Jaquan,0.003988,116.147657
Colten,0.003974,116.151631
Sherwood,0.003969,116.1556
Errol,0.003968,116.159568
Stan,0.003953,116.163521
Antony,0.003949,116.16747
Normand,0.003948,116.171418
Jennings,0.00394,116.175358
Garnett,0.003934,116.179292
Bernardo,0.003923,116.183215
Marquise,0.003923,116.187138
Bradly,0.003918,116.191056
Erin,0.003896,116.194952
Vince,0.003894,116.198846
Jerold,0.003892,116.202738
Kenton,0.003885,116.206623
Heriberto,0.003876,116.210499
Pink,0.003872,116.214371
Ruth,0.00387,116.218241
Deven,0.003859,116.2221
Dwain,0.003842,116.225942
Odie,0.003835,116.229777
Rod,0.003832,116.233609
Florence,0.00381,116.237419
Cordell,0.003808,116.241227
Sim,0.003805,116.245032
Adelbert,0.003798,116.24883
Olaf,0.003798,116.252628
Stanton,0.003796,116.256424
Cristopher,0.00379,116.260214
Haskell,0.003789,116.264003
Melville,0.003777,116.26778
Mohammed,0.003762,116.271542
Alois,0.003761,116.275303
Theadore,0.003757,116.27906
Jovan,0.00375,116.28281
Enos,0.003744,116.286554
Wilfredo,0.00374,116.290294
Moshe,0.00374,116.294034
Dell,0.003731,116.297765
Tillman,0.003729,116.301494
Ivy,0.003721,116.305215
Marcellus,0.003707,116.308922
Vernie,0.003701,116.312623
Octavio,0.003693,116.316316
Rob,0.003692,116.320008
Lige,0.003688,116.323696
Brant,0.003688,116.327384
Rowland,0.003682,116.331066
Newell,0.003679,116.334745
Keven,0.003662,116.338407
Loyal,0.00366,116.342067
Edison,0.003652,116.345719
Oral,0.00365,116.349369
Constantine,0.003639,116.353008
Richmond,0.003635,116.356643
Ari,0.003621,116.360264
Tracey,0.003617,116.363881
Triston,0.00361,116.367491
Waylon,0.003607,116.371098
Bertrand,0.003601,116.374699
Lupe,0.003596,116.378295
Davin,0.003575,116.38187
Isaias,0.003575,116.385445
Melton,0.003551,116.388996
Ezequiel,0.003542,116.392538
Thornton,0.003529,116.396067
Urban,0.003523,116.39959
Arvid,0.003517,116.403107
Kolby,0.003514,116.406621
Rodrick,0.003507,116.410128
Cortez,0.003494,116.413622
Donn,0.003481,116.417103
Davion,0.003475,116.420578
Rayford,0.003471,116.424049
Denzel,0.003466,116.427515
Raymundo,0.003462,116.430977
Franklyn,0.003456,116.434433
Gayle,0.003432,116.437865
Meredith,0.003428,116.441293
Darrick,0.00342,116.444713
Jacques,0.003414,116.448127
Hezekiah,0.003409,116.451536
Nestor,0.003394,116.45493
Gaston,0.003387,116.458317
Maximus,0.003386,116.461703
Maddox,0.00337,116.465073
Lawerence,0.003367,116.46844
German,0.003357,116.471797
Lindsay,0.003353,116.47515
Jaylon,0.003353,116.478503
Nat,0.003339,116.481842
Mortimer,0.003327,116.485169
Isom,0.003325,116.488494
Zander,0.003319,116.491813
Ethel,0.003302,116.495115
Coby,0.003294,116.498409
Lem,0.003292,116.501701
Eldred,0.003288,116.504989
Darien,0.003284,116.508273
Marques,0.00328,116.511553
Simeon,0.003272,116.514825
Federico,0.003268,116.518093
Jaylin,0.003261,116.521354
Artis,0.003252,116.524606
Hassan,0.00325,116.527856
Wash,0.003245,116.531101
Easton,0.00323,116.534331
Kip,0.003224,116.537555
Ignatius,0.003218,116.540773
Emiliano,0.003217,116.54399
Henery,0.003209,116.547199
Tylor,0.003205,116.550404
Declan,0.003203,116.553607
Josef,0.003199,116.556806
Tod,0.003199,116.560005
Len,0.003198,116.563203
Trace,0.003196,116.566399
Devante,0.003193,116.569592
Jamaal,0.003191,116.572783
Carmelo,0.003179,116.575962
Nicky,0.00315,116.579112
Claudie,0.003144,116.582256
Eloy,0.003139,116.585395
Dino,0.003129,116.588524
Rico,0.003126,116.59165
Orion,0.003125,116.594775
Jed,0.00312,116.597895
Arlen,0.003119,116.601014
Gunnar,0.003111,116.604125
Braydon,0.003107,116.607232
Winford,0.003101,116.610333
Vester,0.003096,116.613429
Jairo,0.003096,116.616525
Tristin,0.003093,116.619618
Ludwig,0.003064,116.622682
Tyrese,0.003057,116.625739
Rosario,0.003053,116.628792
Colt,0.003052,116.631844
Waymon,0.003048,116.634892
Dashawn,0.003037,116.637929
Allison,0.003036,116.640965
Ulises,0.003036,116.644001
Willam,0.003031,116.647032
Ransom,0.003014,116.650046
Bo,0.003012,116.653058
Mathias,0.00299,116.656048
Keon,0.002982,116.65903
Jamey,0.002979,116.662009
Arron,0.002969,116.664978
Aric,0.002966,116.667944
Annie,0.002943,116.670887
Mackenzie,0.002942,116.673829
Reynold,0.00294,116.676769
Lonny,0.002934,116.679703
Daquan,0.002925,116.682628
Lambert,0.002922,116.68555
Price,0.002921,116.688471
Shea,0.002921,116.691392
West,0.002915,116.694307
Broderick,0.002915,116.697222
Lou,0.002908,116.70013
Guss,0.002905,116.703035
Lauren,0.002893,116.705928
Regis,0.002888,116.708816
Stephon,0.002888,116.711704
Llewellyn,0.002886,116.71459
Layne,0.002886,116.717476
Brennen,0.002882,116.720358
Amari,0.00288,116.723238
Alma,0.002875,116.726113
Geo,0.002871,116.728984
Jadon,0.002857,116.731841
Doris,0.00285,116.734691
Golden,0.002841,116.737532
Val,0.002824,116.740356
Florian,0.002818,116.743174
Estevan,0.002816,116.74599
Luca,0.002812,116.748802
Ennis,0.002809,116.751611
Caiden,0.002806,116.754417
Kieran,0.002794,116.757211
Muhammad,0.002791,116.760002
Deonte,0.002784,116.762786
Nasir,0.002782,116.765568
Emmit,0.002781,116.768349
Finis,0.002779,116.771128
Donavan,0.002768,116.773896
Rolla,0.002766,116.776662
Lois,0.002752,116.779414
Ocie,0.00275,116.782164
Cale,0.002744,116.784908
Tyron,0.002738,116.787646
Levy,0.002731,116.790377
Sage,0.002719,116.793096
Gael,0.002718,116.795814
Jaxson,0.002717,116.798531
River,0.002715,116.801246
Jabari,0.002711,116.803957
Kelley,0.002709,116.806666
Jones,0.002703,116.809369
Kolton,0.002692,116.812061
Daron,0.002668,116.814729
Austen,0.002656,116.817385
Efren,0.002652,116.820037
Murry,0.002632,116.822669
Tory,0.002629,116.825298
Darrius,0.002628,116.827926
Tad,0.002627,116.830553
Cicero,0.00262,116.833173
Chaim,0.00262,116.835793
Dario,0.002618,116.838411
Eliseo,0.002608,116.841019
Yahir,0.002608,116.843627
Hampton,0.002598,116.846225
Alvah,0.002593,116.848818
Mekhi,0.002588,116.851406
Jayce,0.002586,116.853992
Zechariah,0.002584,116.856576
Louise,0.002583,116.859159
Bishop,0.002582,116.861741
Andreas,0.002582,116.864323
Sigmund,0.002571,116.866894
Verlin,0.002569,116.869463
Kane,0.002569,116.872032
Hank,0.002566,116.874598
Alonza,0.002563,116.877161
Elwyn,0.002561,116.879722
Baby,0.002553,116.882275
Lorin,0.00255,116.884825
Mariano,0.002549,116.887374
Talon,0.002549,116.889923
Estel,0.002539,116.892462
Clovis,0.002533,116.894995
Durward,0.00253,116.897525
Alonso,0.002523,116.900048
Ernst,0.00252,116.902568
Dandre,0.002515,116.905083
Rose,0.002512,116.907595
Alice,0.002508,116.910103
Loran,0.002507,116.91261
Whitney,0.002492,116.915102
Claire,0.00249,116.917592
Patricia,0.00249,116.920082
Jerod,0.002489,116.922571
Leeroy,0.002487,116.925058
Dickie,0.002486,116.927544
Jamari,0.002483,116.930027
Kraig,0.00248,116.932507
Emma,0.002475,116.934982
Verner,0.002474,116.937456
Burley,0.002469,116.939925
Carlyle,0.002468,116.942393
Kay,0.002462,116.944855
Jodie,0.002447,116.947302
Furman,0.002443,116.949745
Jonnie,0.002439,116.952184
Douglass,0.002436,116.95462
Julien,0.002427,116.957047
Godfrey,0.002422,116.959469
Betty,0.002414,116.961883
Leopold,0.002406,116.964289
Jamil,0.002406,116.966695
Gideon,0.002405,116.9691
Glynn,0.002399,116.971499
Trever,0.002398,116.973897
Dillan,0.002394,116.976291
Nehemiah,0.002391,116.978682
Barbara,0.00239,116.981072
Nico,0.002378,116.98345
Rohan,0.002376,116.985826
Santo,0.002361,116.988187
Darion,0.002357,116.990544
Sid,0.002351,116.992895
Gearld,0.00235,116.995245
Raheem,0.00235,116.997595
Lyndon,0.002348,116.999943
Dangelo,0.002345,117.002288
Edwardo,0.002343,117.004631
Baxter,0.002333,117.006964
Milan,0.002332,117.009296
Minor,0.002327,117.011623
Travon,0.002316,117.013939
Jaydon,0.002302,117.016241
Melvyn,0.0023,117.018541
Hallie,0.002298,117.020839
Merl,0.002292,117.023131
Leigh,0.002288,117.025419
Jacoby,0.002287,117.027706
Lillian,0.002286,117.029992
Phoenix,0.002282,117.032274
Norval,0.002276,117.03455
Bertha,0.00226,117.03681
Jere,0.00226,117.03907
Lenny,0.002251,117.041321
Justus,0.00225,117.043571
Russ,0.00225,117.045821
Ibrahim,0.002245,117.048066
Glendon,0.002234,117.0503
Merlyn,0.002229,117.052529
Lesley,0.002227,117.054756
Greyson,0.002225,117.056981
Hayes,0.002212,117.059193
Andrea,0.002206,117.061399
Sampson,0.002204,117.063603
Shaquille,0.002203,117.065806
Curtiss,0.002198,117.068004
Gunner,0.002198,117.070202
Doc,0.002196,117.072398
Izaiah,0.002195,117.074593
Brown,0.002194,117.076787
Darron,0.00219,117.078977
Bronson,0.002189,117.081166
Rowan,0.002173,117.083339
Minnie,0.002169,117.085508
Jacky,0.002168,117.087676
Misael,0.002167,117.089843
Wellington,0.002157,117.092
Coty,0.00215,117.09415
Darold,0.002149,117.096299
Jeromy,0.002149,117.098448
Clara,0.002143,117.100591
Duke,0.002143,117.102734
Jennifer,0.002142,117.104876
Devyn,0.002141,117.107017
Arlo,0.002132,117.109149
Werner,0.00212,117.111269
Sylvan,0.002117,117.113386
Wardell,0.002097,117.115483
Kenyon,0.002093,117.117576
Garrison,0.00209,117.119666
Denzil,0.002087,117.121753
Willian,0.002084,117.123837
Ellwood,0.002084,117.125921
Cal,0.002082,117.128003
Ewell,0.002082,117.130085
Domenick,0.002081,117.132166
Guido,0.00208,117.134246
Francesco,0.002079,117.136325
Virgle,0.002074,117.138399
Valentin,0.002068,117.140467
Wally,0.002067,117.142534
Bartholomew,0.002062,117.144596
Manley,0.002061,117.146657
Cedrick,0.00206,117.148717
Fate,0.002054,117.150771
Edsel,0.002054,117.152825
Cash,0.002053,117.154878
Auther,0.002052,117.15693
Brain,0.002039,117.158969
Ephraim,0.002038,117.161007
Arvil,0.002027,117.163034
Kole,0.002027,117.165061
Beryl,0.002014,117.167075
Marie,0.002013,117.169088
Hilliard,0.002011,117.171099
Jerrell,0.002003,117.173102
Brandan,0.002003,117.175105
Norwood,0.002002,117.177107
Alfonzo,0.001997,117.179104
Dennie,0.001991,117.181095
Isidro,0.001977,117.183072
Rashawn,0.001972,117.185044
Johan,0.001972,117.187016
Judah,0.001969,117.188985
Jade,0.001968,117.190953
Tre,0.001968,117.192921
Tobe,0.001963,117.194884
Heber,0.001958,117.196842
Audrey,0.00195,117.198792
Earlie,0.001949,117.200741
Casimer,0.001945,117.202686
Hillard,0.001943,117.204629
Lynwood,0.001941,117.20657
Greggory,0.001941,117.208511
Remington,0.00194,117.210451
Derrell,0.00193,117.212381
Quinten,0.001927,117.214308
Dimitri,0.001921,117.216229
Finley,0.001912,117.218141
Edna,0.001909,117.22005
Alf,0.001907,117.221957
Armani,0.001902,117.223859
Akeem,0.001895,117.225754
Maverick,0.001891,117.227645
Mildred,0.00189,117.229535
Giancarlo,0.001886,117.231421
Dwaine,0.001884,117.233305
Bertie,0.001879,117.235184
Hamp,0.001866,117.23705
Grace,0.001864,117.238914
Torrey,0.001863,117.240777
Braylon,0.001862,117.242639
Margarito,0.001855,117.244494
Finn,0.001854,117.246348
Chet,0.001849,117.248197
Jorden,0.001843,117.25004
Gianni,0.001842,117.251882
Worth,0.001829,117.253711
Genaro,0.001827,117.255538
Rich,0.001824,117.257362
Gerhard,0.001822,117.259184
Keshawn,0.001822,117.261006
Edgardo,0.001817,117.262823
Farrell,0.001815,117.264638
Son,0.001814,117.266452
Shad,0.001813,117.268265
Arley,0.001805,117.27007
Samir,0.001804,117.271874
Jeramy,0.001801,117.273675
Lew,0.001793,117.275468
Kelsey,0.001782,117.27725
Aurelio,0.00178,117.27903
Richie,0.001778,117.280808
Dominik,0.001775,117.282583
Westley,0.001771,117.284354
Deron,0.00177,117.286124
Alexandro,0.001768,117.287892
Lonie,0.001767,117.289659
Delton,0.001766,117.291425
Derik,0.001764,117.293189
Americo,0.001758,117.294947
Demond,0.001752,117.296699
Harve,0.001747,117.298446
Jett,0.001747,117.300193
Verl,0.00174,117.301933
Antwon,0.001737,117.30367
Milburn,0.001736,117.305406
Dejuan,0.001733,117.307139
Demario,0.001728,117.308867
Leif,0.001719,117.310586
Elie,0.001718,117.312304
Linda,0.00171,117.314014
Benjaman,0.001707,117.315721
Colonel,0.001698,117.317419
Arvin,0.001698,117.319117
Perley,0.001695,117.320812
Marcelo,0.001693,117.322505
Draven,0.001691,117.324196
Dempsey,0.001686,117.325882
Norton,0.001686,117.327568
Donal,0.001686,117.329254
Keagan,0.001679,117.330933
Zakary,0.001678,117.332611
Garrick,0.001672,117.334283
Deshaun,0.001671,117.335954
Tristian,0.001668,117.337622
Adonis,0.001653,117.339275
Curley,0.001651,117.340926
Brodie,0.001646,117.342572
Shon,0.001644,117.344216
Trinidad,0.001636,117.345852
Omari,0.00163,117.347482
Karson,0.001629,117.349111
Bessie,0.001625,117.350736
Hurley,0.001609,117.352345
Alpha,0.001606,117.353951
Arvel,0.001606,117.355557
Dontae,0.001606,117.357163
Zeb,0.0016,117.358763
Infant,0.001591,117.360354
Dereck,0.00159,117.361944
Bee,0.001588,117.363532
Elsie,0.001586,117.365118
Marquez,0.001586,117.366704
Luciano,0.001575,117.368279
Cristobal,0.001571,117.36985
Sumner,0.001567,117.371417
Maximillian,0.001561,117.372978
Jeremie,0.00156,117.374538
Kadin,0.00156,117.376098
Kevon,0.001559,117.377657
Reinhold,0.001557,117.379214
Durwood,0.001556,117.38077
Shamar,0.001556,117.382326
Almon,0.001553,117.383879
Mitch,0.001552,117.385431
Joan,0.00155,117.386981
Kimberly,0.00155,117.388531
Samson,0.001549,117.39008
Arlin,0.001548,117.391628
Butler,0.001547,117.393175
Garett,0.001546,117.394721
Jamarcus,0.001545,117.396266
Demarco,0.001541,117.397807
Duwayne,0.00154,117.399347
Brycen,0.001539,117.400886
Antione,0.001538,117.402424
Kennedy,0.001537,117.403961
Joyce,0.001527,117.405488
Del,0.00152,117.407008
Benjamine,0.001519,117.408527
Tariq,0.001517,117.410044
Cleon,0.001515,117.411559
Gardner,0.001512,117.413071
Cohen,0.00151,117.414581
Dylon,0.001508,117.416089
Huston,0.001497,117.417586
Kamron,0.001496,117.419082
Mat,0.001494,117.420576
Lorenza,0.001493,117.422069
Ezell,0.001493,117.423562
Lum,0.001483,117.425045
Von,0.00148,117.426525
Isai,0.001473,117.427998
Essie,0.001471,117.429469
Leamon,0.001468,117.430937
Jamarion,0.001468,117.432405
Thurston,0.001467,117.433872
Ida,0.001465,117.435337
Jaylan,0.001461,117.436798
Sanders,0.001459,117.438257
Kristoffer,0.001444,117.439701
Elgin,0.001443,117.441144
Braiden,0.001441,117.442585
Author,0.001438,117.444023
Newt,0.001435,117.445458
Camren,0.001435,117.446893
Rube,0.00143,117.448323
Arnulfo,0.001419,117.449742
Seamus,0.001419,117.451161
Jerad,0.001418,117.452579
Brandyn,0.001415,117.453994
Sullivan,0.001413,117.455407
Delano,0.001412,117.456819
Tyshawn,0.001411,117.45823
Abdul,0.001408,117.459638
Stone,0.001406,117.461044
Gaetano,0.001406,117.46245
Woody,0.001404,117.463854
Paxton,0.001402,117.465256
Audie,0.001396,117.466652
Orie,0.001385,117.468037
Orvil,0.001383,117.46942
Matteo,0.001383,117.470803
Rush,0.001375,117.472178
Jeramie,0.001372,117.47355
Niko,0.001372,117.474922
Rudolf,0.001364,117.476286
Alessandro,0.001364,117.47765
Collins,0.001363,117.479013
Reagan,0.001363,117.480376
Alijah,0.001361,117.481737
Deion,0.001356,117.483093
Keyshawn,0.001355,117.484448
Anson,0.001354,117.485802
Lemon,0.001352,117.487154
Mel,0.001347,117.488501
Jasen,0.001345,117.489846
Jeremey,0.001345,117.491191
Kelton,0.001342,117.492533
Jessica,0.00134,117.493873
Kale,0.001334,117.495207
Okey,0.00133,117.496537
Hilbert,0.00133,117.497867
Vincenzo,0.00133,117.499197
Britt,0.001323,117.50052
Wright,0.001317,117.501837
Gladys,0.001315,117.503152
Deric,0.00131,117.504462
Helmer,0.001309,117.505771
Kirt,0.001304,117.507075
Giovanny,0.001302,117.508377
Jefferey,0.0013,117.509677
Garold,0.001294,117.510971
Addie,0.001293,117.512264
Ellie,0.001292,117.513556
Armond,0.001292,117.514848
Nathen,0.001287,117.516135
Foy,0.001286,117.517421
Wheeler,0.001284,117.518705
Keanu,0.001282,117.519987
Jule,0.001279,117.521266
Laron,0.001278,117.522544
Jovani,0.001278,117.523822
Young,0.001275,117.525097
Layton,0.001274,117.526371
Pleasant,0.001273,117.527644
Mont,0.001273,117.528917
Juwan,0.001273,117.53019
Ronan,0.001272,117.531462
Hamza,0.001269,117.532731
Jair,0.001266,117.533997
Gaylon,0.001262,117.535259
Cornelious,0.00126,117.536519
Gertrude,0.001258,117.537777
Koby,0.001258,117.539035
Adolf,0.001257,117.540292
Lars,0.001255,117.541547
Dallin,0.001252,117.542799
Savion,0.001252,117.544051
Lennie,0.001244,117.545295
Nash,0.001244,117.546539
Davonte,0.001244,117.547783
Jered,0.001241,117.549024
Alexzander,0.001241,117.550265
Omarion,0.001239,117.551504
Brannon,0.001237,117.552741
Jaeden,0.001233,117.553974
Oakley,0.00123,117.555204
Timmothy,0.00123,117.556434
Larkin,0.001227,117.557661
Sarah,0.001227,117.558888
Rueben,0.001224,117.560112
Destin,0.001222,117.561334
Martha,0.001221,117.562555
Xzavier,0.001217,117.563772
Eino,0.001216,117.564988
Edith,0.001215,117.566203
Harper,0.001209,117.567412
Park,0.001207,117.568619
Kingston,0.001201,117.56982
Butch,0.001198,117.571018
Ladarius,0.001196,117.572214
Mabel,0.001195,117.573409
Ace,0.001194,117.574603
Ronaldo,0.001193,117.575796
Sincere,0.001193,117.576989
Mattie,0.001191,117.57818
Burnell,0.001191,117.579371
Ryne,0.001183,117.580554
Donell,0.001182,117.581736
Clemens,0.001181,117.582917
Jaheim,0.001179,117.584096
Nellie,0.001178,117.585274
Javion,0.001178,117.586452
Eligah,0.001177,117.587629
Egbert,0.001175,117.588804
Chesley,0.001175,117.589979
Marshal,0.001174,117.591153
Rasheed,0.001173,117.592326
Jaren,0.001173,117.593499
Dolphus,0.001166,117.594665
Keyon,0.001164,117.595829
Austyn,0.001162,117.596991
Newman,0.001161,117.598152
Donta,0.001146,117.599298
Justen,0.001146,117.600444
London,0.001144,117.601588
Junious,0.001143,117.602731
Orland,0.001143,117.603874
Blaise,0.001143,117.605017
Gerold,0.001141,117.606158
Korbin,0.001135,117.607293
Hakeem,0.00113,117.608423
Taft,0.001128,117.609551
Jevon,0.001128,117.610679
Lillie,0.001125,117.611804
Terrill,0.001123,117.612927
Abdullah,0.001122,117.614049
Nikhil,0.001122,117.615171
Cassius,0.001119,117.61629
Adrien,0.001119,117.617409
Khalid,0.001116,117.618525
Semaj,0.001115,117.61964
Murl,0.001112,117.620752
Wayland,0.001107,117.621859
Chalmer,0.001104,117.622963
Robb,0.001101,117.624064
Elian,0.001101,117.625165
Kian,0.001101,117.626266
Jase,0.001099,117.627365
Braedon,0.001091,117.628456
Webb,0.001089,117.629545
Judd,0.001088,117.630633
Olan,0.001086,117.631719
Jedidiah,0.001086,117.632805
Carrie,0.001085,117.63389
Kylan,0.001085,117.634975
Jordy,0.001078,117.636053
Erastus,0.001071,117.637124
Les,0.001068,117.638192
Reilly,0.001067,117.639259
Wayman,0.001066,117.640325
Chip,0.001066,117.641391
Wong,0.001064,117.642455
Silvio,0.001063,117.643518
Einar,0.001061,117.644579
Jessy,0.001057,117.645636
Ritchie,0.001056,117.646692
Marlyn,0.001054,117.647746
Cortney,0.001053,117.648799
Orange,0.001052,117.649851
Lazaro,0.001052,117.650903
Gaven,0.001052,117.651955
Pleas,0.001048,117.653003
Bernhard,0.001048,117.654051
Farris,0.001047,117.655098
Talan,0.001046,117.656144
Gustaf,0.001044,117.657188
Gavyn,0.001042,117.65823
Burr,0.001039,117.659269
Uriah,0.001033,117.660302
Ryker,0.001033,117.661335
Leopoldo,0.001032,117.662367
Doctor,0.001031,117.663398
Boston,0.001031,117.664429
Gil,0.001031,117.66546
Augusta,0.001024,117.666484
Johny,0.001024,117.667508
Landyn,0.001021,117.668529
Arlan,0.001019,117.669548
Justyn,0.001019,117.670567
Garnet,0.001018,117.671585
Aydan,0.00101,117.672595
Dillion,0.001008,117.673603
Marcelino,0.001007,117.67461
Oswaldo,0.001007,117.675617
Malcom,0.001006,117.676623
Dequan,0.001006,117.677629
Jovany,0.001005,117.678634
Sal,0.001001,117.679635
Lisa,0.001001,117.680636
Aryan,0.001,117.681636
Baron,0.000999,117.682635
Michelle,0.000997,117.683632
Eliezer,0.000997,117.684629
Giuseppe,0.000993,117.685622
Randel,0.000989,117.686611
Ossie,0.000987,117.687598
Wilfrid,0.000981,117.688579
Darell,0.000974,117.689553
Ephriam,0.000972,117.690525
Pinkney,0.000968,117.691493
Berton,0.000967,117.69246
Darrion,0.000967,117.693427
Tremayne,0.000965,117.694392
Hollie,0.000963,117.695355
Isham,0.00096,117.696315
Adrain,0.000955,117.69727
Caesar,0.000952,117.698222
Myrtle,0.000949,117.699171
Ella,0.000946,117.700117
Spenser,0.000946,117.701063
Blaze,0.000945,117.702008
Yosef,0.000944,117.702952
Jaleel,0.000944,117.703896
Roswell,0.000942,117.704838
Malvin,0.000941,117.705779
Algie,0.000939,117.706718
Conley,0.000938,117.707656
Elder,0.000936,117.708592
Wes,0.000935,117.709527
Spurgeon,0.000933,117.71046
Irene,0.000933,117.711393
Oneal,0.000932,117.712325
Bradyn,0.000932,117.713257
Arjun,0.00093,117.714187
Aditya,0.00093,117.715117
Ardell,0.000927,117.716044
Dedrick,0.000927,117.716971
Melissa,0.000924,117.717895
Ferd,0.000922,117.718817
Boss,0.000921,117.719738
Gabe,0.000917,117.720655
Hernan,0.000917,117.721572
Adriel,0.000916,117.722488
Damarion,0.000915,117.723403
Jadyn,0.000914,117.724317
Jayme,0.000912,117.725229
Branson,0.000912,117.726141
Eva,0.000907,117.727048
Kenyatta,0.000905,117.727953
Nancy,0.000903,117.728856
Zaire,0.000903,117.729759
Burrell,0.000901,117.73066
Refugio,0.0009,117.73156
Susan,0.0009,117.73246
Ean,0.0009,117.73336
Tyrel,0.000899,117.734259
Derwin,0.000895,117.735154
Maxim,0.000894,117.736048
Kamari,0.000894,117.736942
Lorne,0.000893,117.737835
Arne,0.00089,117.738725
Codey,0.000889,117.739614
Tobin,0.000885,117.740499
Malakai,0.000884,117.741383
Linus,0.000883,117.742266
Byrd,0.000882,117.743148
Rey,0.00088,117.744028
Santino,0.000876,117.744904
Collie,0.000874,117.745778
Squire,0.00087,117.746648
Timmie,0.00087,117.747518
Rylee,0.00087,117.748388
Ansel,0.000869,117.749257
Ewald,0.000868,117.750125
Woodie,0.00086,117.750985
Cason,0.000859,117.751844
Talmage,0.000855,117.752699
French,0.000853,117.753552
Buddie,0.000853,117.754405
Rolf,0.000852,117.755257
Johnpaul,0.000852,117.756109
Manford,0.000848,117.756957
Syed,0.000846,117.757803
Joy,0.000844,117.758647
Eben,0.000842,117.759489
Brook,0.000841,117.76033
Asbury,0.00084,117.76117
Delmas,0.00084,117.76201
Burdette,0.000834,117.762844
Devonta,0.000832,117.763676
Percival,0.000831,117.764507
Franco,0.000831,117.765338
Deondre,0.000827,117.766165
Ryland,0.000822,117.766987
Ramsey,0.00082,117.767807
Jerel,0.00082,117.768627
Vergil,0.000819,117.769446
Kadeem,0.000819,117.770265
Michale,0.000817,117.771082
Ivey,0.000816,117.771898
Jamir,0.000816,117.772714
Alcide,0.000814,117.773528
Enzo,0.000814,117.774342
Amarion,0.00081,117.775152
Bascom,0.000806,117.775958
Deane,0.000802,117.77676
Brien,0.000801,117.777561
Windell,0.0008,117.778361
Orson,0.000799,117.77916
Corbett,0.000799,117.779959
Jame,0.000797,117.780756
Dax,0.000796,117.781552
Christoper,0.000796,117.782348
Zain,0.000796,117.783144
Hughie,0.000794,117.783938
Shay,0.000794,117.784732
Giovani,0.000794,117.785526
Welton,0.000793,117.786319
Britton,0.000791,117.78711
Mannie,0.000788,117.787898
Pranav,0.000788,117.788686
Cora,0.000786,117.789472
Oris,0.000786,117.790258
Zavier,0.000786,117.791044
Elige,0.000785,117.791829
Authur,0.000784,117.792613
Agnes,0.000784,117.793397
Menachem,0.000783,117.79418
Lawyer,0.000781,117.794961
Jovanni,0.000781,117.795742
Gaige,0.00078,117.796522
Harrell,0.000779,117.797301
Verle,0.000778,117.798079
Hattie,0.000774,117.798853
Jermey,0.000771,117.799624
Nunzio,0.00077,117.800394
Rosendo,0.000769,117.801163
Javonte,0.000769,117.801932
Fleming,0.000766,117.802698
Yair,0.000762,117.80346
Tavares,0.000762,117.804222
Nakia,0.000759,117.804981
Jovanny,0.000757,117.805738
Matthias,0.000756,117.806494
Virginia,0.000753,117.807247
Cannon,0.000751,117.807998
Tomie,0.00075,117.808748
Sharon,0.00075,117.809498
Maude,0.000747,117.810245
Moe,0.000744,117.810989
Jedediah,0.000743,117.811732
Nora,0.00074,117.812472
Kaeden,0.00074,117.813212
Acie,0.000739,117.813951
Carnell,0.000735,117.814686
Julia,0.000734,117.81542
Masao,0.000734,117.816154
Merwin,0.000733,117.816887
Maria,0.000733,117.81762
May,0.000732,117.818352
Davian,0.000732,117.819084
Love,0.000729,117.819813
Mart,0.000727,117.82054
Fulton,0.000726,117.821266
Jereme,0.000725,117.821991
Raekwon,0.000724,117.822715
Alexandre,0.000721,117.823436
Gussie,0.000718,117.824154
Sandra,0.000718,117.824872
Reinaldo,0.000717,117.825589
Dora,0.000711,117.8263
Amanda,0.000708,117.827008
Eliga,0.000706,117.827714
Josephine,0.000706,117.82842
Ewing,0.000705,117.829125
Torrance,0.000702,117.829827
Jeramiah,0.000702,117.830529
Deacon,0.000701,117.83123
Reno,0.000697,117.831927
Karen,0.000696,117.832623
Stevan,0.000695,117.833318
Konner,0.000694,117.834012
Mcarthur,0.000688,117.8347
Trystan,0.000688,117.835388
Konnor,0.000687,117.836075
Atticus,0.000686,117.836761
Rayburn,0.000686,117.837447
Cael,0.000686,117.838133
Julious,0.000683,117.838816
Rand,0.000683,117.839499
Esther,0.000678,117.840177
Birt,0.000677,117.840854
Andra,0.000677,117.841531
Tarik,0.000676,117.842207
Frazier,0.000675,117.842882
Geary,0.000675,117.843557
Yusuf,0.000671,117.844228
Soren,0.000671,117.844899
Cris,0.000669,117.845568
Haden,0.000669,117.846237
Dakotah,0.000668,117.846905
Sedrick,0.000666,117.847571
Edson,0.000665,117.848236
Lawton,0.000665,117.848901
Kiel,0.000664,117.849565
Ishmael,0.000662,117.850227
Dow,0.000662,117.850889
Kason,0.000661,117.85155
Laurel,0.000659,117.852209
Glover,0.000657,117.852866
Chadd,0.000656,117.853522
Aydin,0.000654,117.854176
Sherrill,0.000654,117.85483
Ola,0.000652,117.855482
Selmer,0.000652,117.856134
Ballard,0.000649,117.856783
Brandt,0.000649,117.857432
Jagger,0.000649,117.858081
Tyquan,0.000648,117.858729
Nicholaus,0.000647,117.859376
Press,0.000645,117.860021
Shelly,0.000645,117.860666
Herb,0.000645,117.861311
Antonia,0.000645,117.861956
Ethen,0.000645,117.862601
Enrico,0.000643,117.863244
Jordyn,0.000643,117.863887
Ammon,0.000642,117.864529
Chin,0.000641,117.86517
Harvie,0.00064,117.86581
Irl,0.000637,117.866447
Callie,0.000636,117.867083
Najee,0.000636,117.867719
Effie,0.000634,117.868353
Ely,0.000629,117.868982
Allyn,0.000626,117.869608
Teagan,0.000626,117.870234
Rollo,0.000625,117.870859
Hilary,0.000622,117.871481
Dameon,0.000622,117.872103
Alpheus,0.00062,117.872723
Schuyler,0.000618,117.873341
Faron,0.000617,117.873958
Amare,0.000617,117.874575
Linton,0.000616,117.875191
Wyman,0.000616,117.875807
Hiroshi,0.000616,117.876423
Benson,0.000613,117.877036
Chadrick,0.000612,117.877648
Kamden,0.000612,117.87826
Laura,0.000611,117.878871
Romie,0.000611,117.879482
Kwame,0.000611,117.880093
Octave,0.00061,117.880703
Rexford,0.000609,117.881312
Fayette,0.000606,117.881918
Hosie,0.000606,117.882524
Fitzhugh,0.000606,117.88313
Tremaine,0.000606,117.883736
Latrell,0.000605,117.884341
Shemar,0.000605,117.884946
Levar,0.000604,117.88555
Cassidy,0.000604,117.886154
Samual,0.000603,117.886757
Arlington,0.000602,117.887359
Humphrey,0.000602,117.887961
Codie,0.000602,117.888563
Parrish,0.000601,117.889164
Jarrell,0.000601,117.889765
Norberto,0.0006,117.890365
Jerimiah,0.0006,117.890965
Cristofer,0.0006,117.891565
Demarion,0.0006,117.892165
Daryle,0.000599,117.892764
Osborne,0.000598,117.893362
Kit,0.000598,117.89396
Hoover,0.000594,117.894554
Montana,0.000593,117.895147
Braylen,0.00059,117.895737
Yoshio,0.000589,117.896326
Maximo,0.000589,117.896915
Dwane,0.000585,117.8975
Denton,0.000583,117.898083
Dominque,0.000583,117.898666
Bedford,0.00058,117.899246
Luka,0.000578,117.899824
Rahul,0.000576,117.9004
Harlen,0.000575,117.900975
Thelma,0.000574,117.901549
Germaine,0.000571,117.90212
Ada,0.000569,117.902689
Horatio,0.000568,117.903257
Myer,0.000566,117.903823
Clarke,0.000565,117.904388
Arno,0.000558,117.904946
Kenya,0.000558,117.905504
Davie,0.000556,117.90606
Telly,0.000556,117.906616
Beckett,0.000556,117.907172
Zayden,0.000556,117.907728
Derald,0.000554,117.908282
Finnegan,0.000554,117.908836
Dionte,0.000552,117.909388
Markel,0.000552,117.90994
Matias,0.000551,117.910491
Soloman,0.000549,117.91104
Harding,0.000549,117.911589
Malaki,0.000549,117.912138
Tavon,0.000548,117.912686
Kelby,0.000548,117.913234
Jammie,0.000547,117.913781
Kegan,0.000547,117.914328
Waverly,0.000545,117.914873
Randle,0.000545,117.915418
Treyvon,0.000545,117.915963
Rhys,0.000543,117.916506
Barron,0.000542,117.917048
Darrian,0.00054,117.917588
Blane,0.000539,117.918127
Delos,0.000536,117.918663
Rosco,0.000536,117.919199
Eliot,0.000535,117.919734
Jaydin,0.000535,117.920269
Lindy,0.000533,117.920802
Prentice,0.000532,117.921334
Isaak,0.000532,117.921866
Jamin,0.000531,117.922397
Trevin,0.00053,117.922927
Immanuel,0.00053,117.923457
Arnav,0.000529,117.923986
Harlow,0.000525,117.924511
Brennon,0.000523,117.925034
Justine,0.000522,117.925556
Eber,0.000521,117.926077
Killian,0.000521,117.926598
Creed,0.00052,117.927118
Archer,0.000517,117.927635
Christop,0.000517,117.928152
Darvin,0.000516,117.928668
Jarret,0.000516,117.929184
Montgomery,0.000515,117.929699
Jory,0.000515,117.930214
Ricki,0.000515,117.930729
Taurean,0.000515,117.931244
Amit,0.000512,117.931756
Toy,0.000511,117.932267
Kyan,0.000511,117.932778
Lafe,0.00051,117.933288
Toivo,0.000509,117.933797
Beatrice,0.000508,117.934305
Dorman,0.000508,117.934813
Messiah,0.000508,117.935321
Sherwin,0.000507,117.935828
Jennie,0.000505,117.936333
Yandel,0.000504,117.936837
Gannon,0.000502,117.937339
Hosteen,0.000501,117.93784
Opal,0.0005,117.93834
Gorden,0.000499,117.938839
Lenord,0.000499,117.939338
Hobson,0.000498,117.939836
Dorris,0.000497,117.940333
Campbell,0.000495,117.940828
Deontae,0.000494,117.941322
Blanche,0.000493,117.941815
Evelyn,0.000493,117.942308
Storm,0.000493,117.942801
Raven,0.000492,117.943293
Almer,0.000491,117.943784
Nicklaus,0.000491,117.944275
Rock,0.00049,117.944765
Karter,0.00049,117.945255
Lavon,0.000489,117.945744
Martez,0.000488,117.946232
Trevion,0.000488,117.94672
Raoul,0.000486,117.947206
Hyrum,0.000486,117.947692
Clive,0.000485,117.948177
Judith,0.000485,117.948662
Ashby,0.000484,117.949146
Waldemar,0.000483,117.949629
Lashawn,0.000483,117.950112
Devontae,0.000483,117.950595
Fernand,0.000482,117.951077
Gay,0.000482,117.951559
Eunice,0.000482,117.952041
Auston,0.000482,117.952523
Eugenio,0.00048,117.953003
Zollie,0.000479,117.953482
Stephanie,0.000479,117.953961
Jakobe,0.000479,117.95444
Alto,0.000477,117.954917
Coley,0.000474,117.955391
Aedan,0.000474,117.955865
Delvin,0.000473,117.956338
Donna,0.000471,117.956809
Hubbard,0.000469,117.957278
Fenton,0.000468,117.957746
Donavon,0.000468,117.958214
Juston,0.000465,117.958679
Markell,0.000465,117.959144
Shanon,0.000464,117.959608
Channing,0.000463,117.960071
Trae,0.000463,117.960534
Ples,0.000462,117.960996
Reyes,0.000462,117.961458
Darcy,0.000462,117.96192
Tayler,0.000461,117.962381
Commodore,0.000459,117.96284
Orlo,0.000459,117.963299
Pernell,0.000458,117.963757
Zayne,0.000457,117.964214
Benjamen,0.000456,117.96467
Ebb,0.000455,117.965125
Cordero,0.000451,117.965576
Ruel,0.000448,117.966024
Burnett,0.000447,117.966471
Krish,0.000447,117.966918
Glenwood,0.000446,117.967364
Ferris,0.000444,117.967808
Skip,0.000444,117.968252
Martell,0.000444,117.968696
Aaden,0.000442,117.969138
Roe,0.00044,117.969578
Winton,0.00044,117.970018
Gottlieb,0.00044,117.970458
Pershing,0.000436,117.970894
Roddy,0.000436,117.97133
Haiden,0.000436,117.971766
Javen,0.000434,117.9722
Orla,0.000434,117.972634
Alphonsus,0.000434,117.973068
Kamren,0.000434,117.973502
Solon,0.000433,117.973935
Mae,0.000432,117.974367
Jaidyn,0.000429,117.974796
Johathan,0.000427,117.975223
Kalen,0.000427,117.97565
Isreal,0.000426,117.976076
Makai,0.000425,117.976501
Woodroe,0.000422,117.976923
Fisher,0.000421,117.977344
Vernell,0.000421,117.977765
Deborah,0.000418,117.978183
Gauge,0.000418,117.978601
Luster,0.000417,117.979018
Darrien,0.000417,117.979435
Leandro,0.000416,117.979851
Kalvin,0.000415,117.980266
Shaquan,0.000414,117.98068
Harvy,0.000413,117.981093
Admiral,0.000413,117.981506
Raynard,0.000412,117.981918
Hardin,0.000411,117.982329
Trinity,0.00041,117.982739
Stetson,0.000409,117.983148
Lavar,0.000407,117.983555
Dedric,0.000406,117.983961
Rakeem,0.000406,117.984367
Orrie,0.000405,117.984772
Doss,0.000404,117.985176
Tex,0.000402,117.985578
Simpson,0.0004,117.985978
Kadyn,0.000398,117.986376
Hoke,0.000396,117.986772
Rutherford,0.000395,117.987167
Lovell,0.000395,117.987562
Torey,0.000394,117.987956
Lindell,0.000391,117.988347
Williard,0.000391,117.988738
Olie,0.00039,117.989128
Amy,0.000387,117.989515
Budd,0.000387,117.989902
Dolph,0.000386,117.990288
Dolores,0.000386,117.990674
Robbin,0.000386,117.99106
Moody,0.000385,117.991445
Bird,0.000384,117.991829
Kevan,0.000384,117.992213
Rahsaan,0.000383,117.992596
Carlie,0.000382,117.992978
Stoney,0.000382,117.99336
Seneca,0.00038,117.99374
Camryn,0.00038,117.99412
Leonidas,0.000377,117.994497
Roel,0.000377,117.994874
Whit,0.000376,117.99525
Anwar,0.000375,117.995625
Sigurd,0.000374,117.995999
Shelley,0.000374,117.996373
Boris,0.000374,117.996747
Kendal,0.000374,117.997121
Memphis,0.000374,117.997495
Lenwood,0.000373,117.997868
Kahlil,0.000372,117.99824
Angela,0.000371,117.998611
Jarad,0.000371,117.998982
Josephus,0.00037,117.999352
Brandy,0.00037,117.999722
Albion,0.000369,118.000091
Davey,0.000369,118.00046
Dyllan,0.000369,118.000829
Levon,0.000367,118.001196
Aidyn,0.000367,118.001563
Orley,0.000366,118.001929
Taurus,0.000365,118.002294
Arlyn,0.000363,118.002657
Augustin,0.000362,118.003019
Rishi,0.000361,118.00338
Elva,0.00036,118.00374
Sheridan,0.00036,118.0041
Jameel,0.00036,118.00446
Jaret,0.000359,118.004819
Gaylen,0.000358,118.005177
Anfernee,0.000358,118.005535
Valentino,0.000357,118.005892
Darby,0.000357,118.006249
Jax,0.000357,118.006606
Pearlie,0.000356,118.006962
Clell,0.000355,118.007317
Regan,0.000355,118.007672
Volney,0.000354,118.008026
Kiyoshi,0.000354,118.00838
Zeno,0.000353,118.008733
Jermain,0.000353,118.009086
Handy,0.00035,118.009436
Alek,0.00035,118.009786
Roby,0.000349,118.010135
Shade,0.000348,118.010483
Joeseph,0.000348,118.010831
Arnoldo,0.000348,118.011179
Weaver,0.000345,118.011524
Arland,0.000345,118.011869
Ellison,0.000344,118.012213
Reino,0.000344,118.012557
Kasen,0.000344,118.012901
Sabastian,0.00034,118.013241
Watt,0.00034,118.013581
Woodson,0.000339,118.01392
Hardie,0.000339,118.014259
Arnie,0.000339,118.014598
Arsenio,0.000339,118.014937
Earley,0.000338,118.015275
Cleave,0.000338,118.015613
Goldie,0.000337,118.01595
Che,0.000337,118.016287
Jasiah,0.000337,118.016624
Kanye,0.000335,118.016959
Jens,0.000334,118.017293
Bartley,0.000332,118.017625
Vic,0.000332,118.017957
Mychal,0.00033,118.018287
Catherine,0.000329,118.018616
Male,0.000328,118.018944
Yee,0.000326,118.01927
Osie,0.000326,118.019596
Damond,0.000326,118.019922
Adelard,0.000325,118.020247
Erling,0.000325,118.020572
Nicole,0.000324,118.020896
Tyrek,0.000324,118.02122
Claus,0.000323,118.021543
Elam,0.000323,118.021866
Kennth,0.000323,118.022189
Kieth,0.000323,118.022512
Wilhelm,0.000322,118.022834
Mearl,0.000322,118.023156
Iver,0.000319,118.023475
Brandin,0.000319,118.023794
Mervyn,0.000318,118.024112
Jalon,0.000318,118.02443
Nikko,0.000317,118.024747
Tolbert,0.000316,118.025063
Kyree,0.000315,118.025378
Bridger,0.000314,118.025692
Elbridge,0.000312,118.026004
Beecher,0.000311,118.026315
Nevin,0.000311,118.026626
Hervey,0.00031,118.026936
Stonewall,0.000309,118.027245
Carolyn,0.000308,118.027553
Ryley,0.000308,118.027861
Rice,0.000307,118.028168
Torrence,0.000307,118.028475
Madden,0.000306,118.028781
Garner,0.000305,118.029086
Verlyn,0.000305,118.029391
Braulio,0.000303,118.029694
Asberry,0.000301,118.029995
Starling,0.0003,118.030295
Leighton,0.0003,118.030595
Bentley,0.000299,118.030894
Irven,0.000298,118.031192
Fannie,0.000298,118.03149
Ester,0.000297,118.031787
Brion,0.000296,118.032083
Christina,0.000296,118.032379
Landin,0.000296,118.032675
Chalmers,0.000295,118.03297
Lucy,0.000295,118.033265
Rashaad,0.000295,118.03356
Laquan,0.000295,118.033855
Dondre,0.000295,118.03415
Daisy,0.000294,118.034444
Manning,0.000294,118.034738
Thedore,0.000292,118.03503
Lawrance,0.000292,118.035322
Stanislaus,0.000291,118.035613
Brogan,0.00029,118.035903
Edmon,0.000289,118.036192
Montrell,0.000289,118.036481
Iva,0.000287,118.036768
Andrae,0.000287,118.037055
Rome,0.000286,118.037341
Seaborn,0.000286,118.037627
Maury,0.000286,118.037913
Hilario,0.000286,118.038199
Codi,0.000286,118.038485
Alger,0.000284,118.038769
Tyrique,0.000284,118.039053
Thos,0.000283,118.039336
Dalvin,0.000283,118.039619
Burney,0.000282,118.039901
Carlisle,0.000282,118.040183
Cap,0.000281,118.040464
Montel,0.000281,118.040745
Jahiem,0.000281,118.041026
Case,0.000281,118.041307
Chancy,0.000279,118.041586
Maggie,0.000279,118.041865
Micky,0.000278,118.042143
Shedrick,0.000276,118.042419
Attilio,0.000274,118.042693
Zebulon,0.000273,118.042966
Tammy,0.000273,118.043239
Jayvon,0.000273,118.043512
Izayah,0.000273,118.043785
Derrek,0.000271,118.044056
Deante,0.000271,118.044327
Paulo,0.00027,118.044597
Holly,0.000269,118.044866
Walt,0.000268,118.045134
Lamonte,0.000268,118.045402
Clearence,0.000265,118.045667
Dakoda,0.000265,118.045932
Champ,0.000264,118.046196
Hazen,0.000264,118.04646
Thompson,0.000263,118.046723
Yancy,0.000263,118.046986
Gray,0.000262,118.047248
Tollie,0.000261,118.047509
Reginal,0.000261,118.04777
Tyreek,0.00026,118.04803
Aleck,0.00026,118.04829
Deonta,0.00026,118.04855
Lucio,0.000259,118.048809
Zaid,0.000259,118.049068
Adlai,0.000258,118.049326
Gerrit,0.000257,118.049583
Fern,0.000257,118.04984
Debra,0.000257,118.050097
Lannie,0.000255,118.050352
Ozie,0.000255,118.050607
Lula,0.000254,118.050861
Yehuda,0.000254,118.051115
Burnie,0.000253,118.051368
Belton,0.000252,118.05162
Audley,0.000251,118.051871
Cynthia,0.000251,118.052122
Khiry,0.000251,118.052373
Ellery,0.00025,118.052623
Jaymes,0.00025,118.052873
Wayde,0.000249,118.053122
Elihu,0.000246,118.053368
Lue,0.000245,118.053613
Seward,0.000245,118.053858
Barrie,0.000245,118.054103
Esau,0.000242,118.054345
Judy,0.000242,118.054587
Renaldo,0.000242,118.054829
Claudio,0.000241,118.05507
Trayvon,0.000241,118.055311
Elsworth,0.00024,118.055551
Orvel,0.000239,118.05579
Savon,0.000239,118.056029
Camille,0.000238,118.056267
Maceo,0.000238,118.056505
Marian,0.000237,118.056742
Henri,0.000237,118.056979
Winthrop,0.000234,118.057213
Demetri,0.000234,118.057447
Laurie,0.000233,118.05768
Lena,0.000233,118.057913
Theophile,0.000231,118.058144
Armstead,0.00023,118.058374
Steward,0.00023,118.058604
Shellie,0.00023,118.058834
Lessie,0.000229,118.059063
Michele,0.000229,118.059292
Miner,0.000228,118.05952
Holland,0.000227,118.059747
Darryle,0.000227,118.059974
Rayshawn,0.000226,118.0602
Raiden,0.000225,118.060425
Hermann,0.000224,118.060649
Plummer,0.000223,118.060872
Franz,0.000223,118.061095
Kael,0.000223,118.061318
Kendell,0.000222,118.06154
Flem,0.000221,118.061761
Anastacio,0.000221,118.061982
Vinson,0.000221,118.062203
Zeke,0.00022,118.062423
Hall,0.00022,118.062643
Barnett,0.00022,118.062863
Johney,0.000219,118.063082
Ab,0.000218,118.0633
Sylvanus,0.000218,118.063518
Koen,0.000217,118.063735
Little,0.000216,118.063951
Cephus,0.000216,118.064167
Kordell,0.000216,118.064383
Ronin,0.000215,118.064598
Michal,0.000215,118.064813
Cass,0.000214,118.065027
Thor,0.000214,118.065241
Karim,0.000214,118.065455
Slade,0.000211,118.065666
Rayan,0.000211,118.065877
Benji,0.00021,118.066087
Cain,0.000209,118.066296
Jaydan,0.000209,118.066505
Dixie,0.000208,118.066713
Charlton,0.000208,118.066921
Alfonse,0.000208,118.067129
Zigmund,0.000208,118.067337
Mikal,0.000208,118.067545
Kenney,0.000207,118.067752
Stafford,0.000207,118.067959
Jonatan,0.000207,118.068166
Dereon,0.000206,118.068372
Gee,0.000206,118.068578
Juluis,0.000206,118.068784
Hjalmer,0.000206,118.06899
Evertt,0.000205,118.069195
Brittany,0.000205,118.0694
Harlie,0.000204,118.069604
Antwain,0.000204,118.069808
Less,0.000203,118.070011
Efrem,0.000202,118.070213
Denzell,0.000202,118.070415
Lucille,0.000202,118.070617
Tye,0.000201,118.070818
Knute,0.0002,118.071018
Kerwin,0.0002,118.071218
Nikolai,0.0002,118.071418
Vernal,0.000199,118.071617
Tito,0.000199,118.071816
Yael,0.000199,118.072015
Presley,0.000199,118.072214
Lora,0.000198,118.072412
Arlis,0.000198,118.07261
Conway,0.000197,118.072807
Kipp,0.000197,118.073004
Erle,0.000196,118.0732
Davy,0.000196,118.073396
Tab,0.000196,118.073592
Domonique,0.000196,118.073788
Courtland,0.000195,118.073983
Deward,0.000195,118.074178
Amon,0.000193,118.074371
Gloria,0.000193,118.074564
Darry,0.000193,118.074757
Lary,0.000192,118.074949
Corry,0.000192,118.075141
Lyric,0.000192,118.075333
Parley,0.000191,118.075524
Orris,0.000191,118.075715
Rondal,0.00019,118.075905
Marlo,0.00019,118.076095
Erie,0.000189,118.076284
Deforest,0.000188,118.076472
Talen,0.000188,118.07666
Buell,0.000187,118.076847
Tahj,0.000187,118.077034
Makhi,0.000186,118.07722
Cosmo,0.000186,118.077406
Jordi,0.000186,118.077592
Treyton,0.000186,118.077778
Beckham,0.000184,118.077962
Jayvion,0.000184,118.078146
Domenico,0.000183,118.078329
Damari,0.000183,118.078512
Hill,0.000182,118.078694
Simmie,0.000182,118.078876
Hershell,0.000182,118.079058
Desean,0.000182,118.07924
Jarett,0.000182,118.079422
Yurem,0.000182,118.079604
Pauline,0.000181,118.079785
Festus,0.000179,118.079964
Kristin,0.000179,118.080143
Clarnce,0.000178,118.080321
Mayo,0.000176,118.080497
Odus,0.000175,118.080672
Hadley,0.000175,118.080847
Isidor,0.000174,118.081021
Seldon,0.000174,118.081195
Floy,0.000174,118.081369
Irvine,0.000173,118.081542
Toriano,0.000173,118.081715
Tyriq,0.000173,118.081888
Ottie,0.000172,118.08206
Durell,0.000172,118.082232
Robt,0.000171,118.082403
Mamie,0.000171,118.082574
Add,0.000171,118.082745
Faustino,0.000171,118.082916
Tayshaun,0.000171,118.083087
Mell,0.00017,118.083257
Silvester,0.00017,118.083427
Elzy,0.00017,118.083597
Pascal,0.00017,118.083767
Adin,0.00017,118.083937
Chace,0.00017,118.084107
Yoel,0.00017,118.084277
Mills,0.000168,118.084445
Imanol,0.000168,118.084613
Gifford,0.000168,118.084781
Harman,0.000167,118.084948
Page,0.000167,118.085115
Eston,0.000167,118.085282
Buel,0.000167,118.085449
Tavion,0.000167,118.085616
Lorenz,0.000166,118.085782
Autry,0.000166,118.085948
Niles,0.000166,118.086114
Oda,0.000165,118.086279
Halsey,0.000165,118.086444
Burke,0.000165,118.086609
Linnie,0.000165,118.086774
Demetrios,0.000165,118.086939
Banks,0.000163,118.087102
Loring,0.000163,118.087265
Elex,0.000163,118.087428
Myrl,0.000163,118.087591
Kiefer,0.000163,118.087754
Luigi,0.000162,118.087916
Lindbergh,0.000162,118.088078
Gurney,0.000161,118.088239
Leonce,0.00016,118.088399
Jensen,0.00016,118.088559
Alta,0.000159,118.088718
Ferrell,0.000159,118.088877
Keshaun,0.000159,118.089036
Estes,0.000158,118.089194
Daryn,0.000158,118.089352
Math,0.000157,118.089509
Montie,0.000157,118.089666
Marcello,0.000157,118.089823
Mustafa,0.000157,118.08998
Loney,0.000156,118.090136
Danielle,0.000156,118.090292
Gustavus,0.000154,118.090446
Laurance,0.000154,118.0906
Long,0.000154,118.090754
Kavon,0.000154,118.090908
Lemmie,0.000153,118.091061
Heyward,0.000153,118.091214
Romello,0.000153,118.091367
Vidal,0.000152,118.091519
Fredy,0.000152,118.091671
Daulton,0.000152,118.091823
Garey,0.000151,118.091974
Hideo,0.000151,118.092125
Barnie,0.00015,118.092275
Armin,0.00015,118.092425
Porfirio,0.00015,118.092575
Emit,0.000149,118.092724
Essex,0.000149,118.092873
Rayfield,0.000148,118.093021
Lex,0.000148,118.093169
Rian,0.000148,118.093317
Alvia,0.000147,118.093464
Nello,0.000146,118.09361
Keandre,0.000146,118.093756
Kaye,0.000145,118.093901
Burns,0.000144,118.094045
Viola,0.000144,118.094189
Kazuo,0.000144,118.094333
Jarrad,0.000144,118.094477
Alexande,0.000144,118.094621
Luverne,0.000143,118.094764
Durrell,0.000143,118.094907
Odin,0.000142,118.095049
Heather,0.000142,118.095191
Macarthur,0.000141,118.095332
Arnett,0.00014,118.095472
Gibson,0.00014,118.095612
Tandy,0.00014,118.095752
Florentino,0.00014,118.095892
Anibal,0.00014,118.096032
Virgie,0.000139,118.096171
Davante,0.000139,118.09631
Estill,0.000139,118.096449
Ras,0.000139,118.096588
Erasmus,0.000138,118.096726
Donato,0.000138,118.096864
Abb,0.000137,118.097001
Charly,0.000137,118.097138
Sing,0.000137,118.097275
Coolidge,0.000137,118.097412
Sharif,0.000137,118.097549
Bilal,0.000137,118.097686
Ancel,0.000136,118.097822
Hartley,0.000136,118.097958
Babe,0.000135,118.098093
Lamarcus,0.000135,118.098228
Almond,0.000134,118.098362
Needham,0.000134,118.098496
Saint,0.000134,118.09863
Waino,0.000134,118.098764
Minoru,0.000133,118.098897
Marley,0.000133,118.09903
Wirt,0.000133,118.099163
Alvy,0.000132,118.099295
Alvan,0.000132,118.099427
Mansfield,0.000132,118.099559
Bluford,0.000131,118.09969
Kash,0.00013,118.09982
Babyboy,0.000129,118.099949
Knox,0.000128,118.100077
Hartwell,0.000127,118.100204
Georgia,0.000127,118.100331
Elvie,0.000127,118.100458
Bryton,0.000127,118.100585
Hoy,0.000126,118.100711
Kunta,0.000126,118.100837
Cato,0.000124,118.100961
Demonte,0.000124,118.101085
Collis,0.000123,118.101208
Leona,0.000123,118.101331
Verlon,0.000123,118.101454
Lyn,0.000123,118.101577
Brenda,0.000123,118.1017
Corwin,0.000123,118.101823
Epifanio,0.000122,118.101945
Ruffus,0.000122,118.102067
Vander,0.000122,118.102189
Lola,0.000122,118.102311
Kenji,0.000122,118.102433
Ovid,0.000121,118.102554
Rudolfo,0.000121,118.102675
Katherine,0.000121,118.102796
Wess,0.00012,118.102916
Dann,0.00012,118.103036
Rossie,0.000119,118.103155
Kymani,0.000119,118.103274
Mace,0.000119,118.103393
Lillard,0.000119,118.103512
Patric,0.000118,118.10363
Eustace,0.000117,118.103747
Olof,0.000117,118.103864
Captain,0.000117,118.103981
Horton,0.000117,118.104098
Roma,0.000117,118.104215
Colie,0.000117,118.104332
Eula,0.000116,118.104448
Claudius,0.000116,118.104564
Reynolds,0.000116,118.10468
Renard,0.000116,118.104796
Taj,0.000116,118.104912
Keenen,0.000116,118.105028
Jethro,0.000115,118.105143
Dejon,0.000115,118.105258
Ishaan,0.000115,118.105373
Hillary,0.000114,118.105487
Bethel,0.000114,118.105601
Reubin,0.000114,118.105715
Garvin,0.000114,118.105829
Tilman,0.000114,118.105943
Octavius,0.000113,118.106056
Chauncy,0.000112,118.106168
Jemal,0.000112,118.10628
Littleton,0.000111,118.106391
Manson,0.000111,118.106502
Jadiel,0.000111,118.106613
Winnie,0.00011,118.106723
Namon,0.00011,118.106833
Nile,0.00011,118.106943
Adron,0.00011,118.107053
Purl,0.000109,118.107162
Hurbert,0.000109,118.107271
Ellen,0.000108,118.107379
Genie,0.000108,118.107487
Olive,0.000108,118.107595
Clemon,0.000108,118.107703
Tyreke,0.000108,118.107811
Urijah,0.000108,118.107919
Hester,0.000107,118.108026
Burnice,0.000107,118.108133
Yaakov,0.000107,118.10824
Bode,0.000107,118.108347
Shafter,0.000106,118.108453
Ezzard,0.000106,118.108559
Vashon,0.000106,118.108665
Eden,0.000106,118.108771
Zaiden,0.000106,118.108877
Holmes,0.000105,118.108982
Everet,0.000105,118.109087
Gasper,0.000105,118.109192
Jobe,0.000104,118.109296
Linn,0.000104,118.1094
Ott,0.000104,118.109504
Sie,0.000104,118.109608
Posey,0.000104,118.109712
Owens,0.000104,118.109816
Mikhail,0.000104,118.10992
Ayaan,0.000104,118.110024
Ebbie,0.000103,118.110127
Halbert,0.000103,118.11023
Mal,0.000103,118.110333
Severt,0.000103,118.110436
Jerrad,0.000103,118.110539
Kellan,0.000103,118.110642
Colon,0.000102,118.110744
Hansel,0.000102,118.110846
Jahir,0.000102,118.110948
Santana,0.000102,118.11105
Blas,0.000101,118.111151
Harrie,0.000101,118.111252
Orren,0.000101,118.111353
Ephram,0.000101,118.111454
Encarnacion,0.000101,118.111555
Nery,0.000101,118.111656
Aarav,0.000101,118.111757
Tripp,0.000101,118.111858
Ferman,0.0001,118.111958
Lish,0.0001,118.112058
Ridge,0.0001,118.112158
Flora,0.0001,118.112258
Florencio,0.0001,118.112358
Toshio,0.0001,118.112458
Maud,0.000099,118.112557
Burrel,0.000099,118.112656
Geovanni,0.000099,118.112755
Alferd,0.000098,118.112853
Yadiel,0.000098,118.112951
Jessee,0.000097,118.113048
Gorge,0.000097,118.113145
Christy,0.000097,118.113242
Joshuah,0.000097,118.113339
Wells,0.000096,118.113435
Clide,0.000096,118.113531
Ah,0.000096,118.113627
Charls,0.000096,118.113723
Andon,0.000096,118.113819
Kyson,0.000096,118.113915
Wood,0.000095,118.11401
Dozier,0.000095,118.114105
Roderic,0.000095,118.1142
Rustin,0.000095,118.114295
Rachel,0.000095,118.11439
Terell,0.000095,118.114485
Atlas,0.000094,118.114579
Ingram,0.000094,118.114673
Tyrus,0.000094,118.114767
Terance,0.000094,118.114861
Jeb,0.000094,118.114955
Tuan,0.000094,118.115049
Callum,0.000094,118.115143
Fitzgerald,0.000093,118.115236
Fremont,0.000093,118.115329
Ceasar,0.000093,118.115422
Deegan,0.000093,118.115515
Lennon,0.000093,118.115608
Elick,0.000092,118.1157
Abbie,0.000092,118.115792
Lydell,0.000092,118.115884
Dustan,0.000092,118.115976
Abdiel,0.000092,118.116068
Burgess,0.000091,118.116159
Kelan,0.000091,118.11625
Tegan,0.000091,118.116341
Kamryn,0.000091,118.116432
Harl,0.000091,118.116523
Darryll,0.00009,118.116613
Landan,0.00009,118.116703
Carsen,0.00009,118.116793
Kolten,0.00009,118.116883
Dink,0.00009,118.116973
Prentiss,0.000089,118.117062
Cheyenne,0.000089,118.117151
Abbott,0.000088,118.117239
Aurthur,0.000088,118.117327
Demian,0.000088,118.117415
Horacio,0.000088,118.117503
Jaheem,0.000088,118.117591
Coen,0.000088,118.117679
Daxton,0.000088,118.117767
Dionicio,0.000087,118.117854
Chancey,0.000087,118.117941
Kimball,0.000087,118.118028
Kiley,0.000087,118.118115
Lisandro,0.000087,118.118202
Albertus,0.000086,118.118288
Crockett,0.000086,118.118374
Ananias,0.000086,118.11846
Worley,0.000086,118.118546
Flint,0.000086,118.118632
Kristen,0.000086,118.118718
Koda,0.000086,118.118804
Ewin,0.000085,118.118889
Amado,0.000085,118.118974
Anders,0.000085,118.119059
Gaines,0.000084,118.119143
Jaimie,0.000084,118.119227
Duff,0.000083,118.11931
Shyheim,0.000083,118.119393
Tavian,0.000083,118.119476
Jacquez,0.000083,118.119559
Tyreese,0.000083,118.119642
Luc,0.000083,118.119725
Bayard,0.000082,118.119807
Delphin,0.000082,118.119889
Trenten,0.000082,118.119971
Jaquez,0.000081,118.120052
Mordechai,0.000081,118.120133
Tyrik,0.00008,118.120213
Keion,0.000079,118.120292
Haven,0.000078,118.12037
Khari,0.000078,118.120448
Raquan,0.000078,118.120526
Osbaldo,0.000078,118.120604
Silver,0.000077,118.120681
Graydon,0.000077,118.120758
Daunte,0.000077,118.120835
Schley,0.000076,118.120911
Jerrel,0.000076,118.120987
Coleton,0.000075,118.121062
Jelani,0.000075,118.121137
Canyon,0.000075,118.121212
Darryn,0.000074,118.121286
Illya,0.000074,118.12136
Ambers,0.000074,118.121434
Destry,0.000074,118.121508
Shan,0.000073,118.121581
Robley,0.000072,118.121653
Janice,0.000072,118.121725
Quint,0.000072,118.121797
Jasmine,0.000072,118.121869
Harden,0.000071,118.12194
Miguelangel,0.000071,118.122011
Arman,0.000071,118.122082
Dayne,0.000071,118.122153
Lisle,0.00007,118.122223
Fredie,0.00007,118.122293
Shoji,0.00007,118.122363
Janet,0.00007,118.122433
Rashaan,0.00007,118.122503
Fielding,0.000069,118.122572
Harrold,0.000069,118.122641
Christion,0.000069,118.12271
Tilden,0.000068,118.122778
Ewart,0.000068,118.122846
Tyrin,0.000068,118.122914
Kenan,0.000068,118.122982
Guilford,0.000067,118.123049
Alfie,0.000067,118.123116
Thorwald,0.000066,118.123182
Hughes,0.000066,118.123248
Jajuan,0.000066,118.123314
Cas,0.000065,118.123379
Erving,0.000065,118.123444
York,0.000065,118.123509
Donaciano,0.000065,118.123574
Vollie,0.000065,118.123639
Clemence,0.000065,118.123704
Harm,0.000065,118.123769
Mykel,0.000065,118.123834
Devaughn,0.000065,118.123899
Geoff,0.000064,118.123963
Pamela,0.000064,118.124027
Erby,0.000064,118.124091
Hughey,0.000064,118.124155
Rae,0.000063,118.124218
Darwyn,0.000063,118.124281
Linden,0.000063,118.124344
Davonta,0.000063,118.124407
Milas,0.000062,118.124469
Virgel,0.000062,118.124531
Estell,0.000062,118.124593
Goebel,0.000062,118.124655
Tallie,0.000062,118.124717
Teddie,0.000062,118.124779
Benard,0.000062,118.124841
Othel,0.000062,118.124903
Tatsuo,0.000062,118.124965
Dijon,0.000062,118.125027
Keifer,0.000062,118.125089
Damarcus,0.000062,118.125151
Desi,0.000062,118.125213
Arba,0.000061,118.125274
Griffith,0.000061,118.125335
Esco,0.000061,118.125396
Mathews,0.000061,118.125457
Ova,0.000061,118.125518
Pate,0.000061,118.125579
Kinte,0.000061,118.12564
Lark,0.00006,118.1257
Verna,0.00006,118.12576
Victoriano,0.00006,118.12582
Branch,0.000059,118.125879
Bush,0.000059,118.125938
Governor,0.000059,118.125997
Marchello,0.000059,118.126056
Polk,0.000058,118.126114
Arbie,0.000058,118.126172
Duard,0.000058,118.12623
Severo,0.000058,118.126288
Tobie,0.000058,118.126346
Ann,0.000058,118.126404
Halley,0.000058,118.126462
Theodis,0.000058,118.12652
Randolf,0.000058,118.126578
Geraldo,0.000058,118.126636
Samantha,0.000058,118.126694
Alanzo,0.000057,118.126751
Marsh,0.000057,118.126808
Pearley,0.000057,118.126865
Ebenezer,0.000057,118.126922
Rhoda,0.000057,118.126979
Delmus,0.000057,118.127036
Gilmer,0.000057,118.127093
Ogden,0.000057,118.12715
Oland,0.000057,118.127207
Samie,0.000057,118.127264
Levern,0.000057,118.127321
Unnamed,0.000057,118.127378
Alston,0.000056,118.127434
Clemmie,0.000056,118.12749
Hebert,0.000056,118.127546
Hezzie,0.000056,118.127602
Oddie,0.000056,118.127658
Vinton,0.000056,118.127714
Zed,0.000056,118.12777
Bell,0.000056,118.127826
Jiles,0.000056,118.127882
Vera,0.000056,118.127938
Gennaro,0.000056,118.127994
Michial,0.000056,118.12805
Colter,0.000056,118.128106
Casimiro,0.000055,118.128161
Dixon,0.000055,118.128216
Obe,0.000055,118.128271
Ethelbert,0.000055,118.128326
Gilman,0.000055,118.128381
Shepherd,0.000055,118.128436
Burk,0.000055,118.128491
Dessie,0.000055,118.128546
Iverson,0.000055,118.128601
Job,0.000055,118.128656
Powell,0.000055,118.128711
Vick,0.000055,118.128766
Evander,0.000055,118.128821
Gaither,0.000055,118.128876
Grafton,0.000055,118.128931
Guthrie,0.000055,118.128986
Jettie,0.000055,118.129041
Lea,0.000055,118.129096
Ovila,0.000055,118.129151
Susie,0.000055,118.129206
True,0.000055,118.129261
Foch,0.000055,118.129316
Hakim,0.000055,118.129371
Cordaro,0.000055,118.129426
Deryl,0.000055,118.129481
Grayling,0.000055,118.129536
Elgie,0.000054,118.12959
Nils,0.000054,118.129644
Vere,0.000054,118.129698
Aloys,0.000054,118.129752
Cam,0.000054,118.129806
Hale,0.000054,118.12986
Offie,0.000054,118.129914
Rosa,0.000054,118.129968
Willy,0.000054,118.130022000001
Lenon,0.000054,118.130076000001
Ozzie,0.000054,118.130130000001
Eleanor,0.000054,118.130184000001
Esker,0.000054,118.130238000001
Levie,0.000054,118.130292000001
Amerigo,0.000054,118.130346000001
Ronal,0.000054,118.130400000001
Kiara,0.000054,118.130454000001
Tiffany,0.000054,118.130508000001
Jeptha,0.000053,118.130561000001
Thurlow,0.000053,118.130614000001
Alba,0.000053,118.130667000001
Murdock,0.000053,118.130720000001
Nolen,0.000053,118.130773000001
Willaim,0.000053,118.130826
Adams,0.000053,118.130879000001
Collier,0.000053,118.130932
Gladstone,0.000053,118.130985
Kathryn,0.000053,118.131038
Doll,0.000053,118.131091
Georgie,0.000053,118.131144
Ivor,0.000053,118.131197
Marland,0.000053,118.13125
Fleet,0.000052,118.131302
Lim,0.000052,118.131354
Nim,0.000052,118.131406
North,0.000052,118.131458
Orvis,0.000052,118.13151
Reason,0.000052,118.131562
Virge,0.000052,118.131614
Zenas,0.000052,118.131666
Baker,0.000052,118.131718
Bynum,0.000052,118.13177
Colvin,0.000052,118.131822
Elizah,0.000052,118.131874
Lizzie,0.000052,118.131926
Ancil,0.000052,118.131978
Buren,0.000052,118.13203
Erland,0.000052,118.132082
Toma,0.000052,118.132134
Candido,0.000051,118.132185
Clemente,0.000051,118.132236
Eliza,0.000051,118.132287
Friend,0.000051,118.132338
Hence,0.000051,118.132389
Hope,0.000051,118.13244
Obed,0.000051,118.132491
Rafe,0.000051,118.132542
Redden,0.000051,118.132593
Salomon,0.000051,118.132644
Council,0.000051,118.132695
Larue,0.000051,118.132746
Geno,0.000051,118.132797
Derl,0.000051,118.132848
Wilkie,0.000051,118.132899
Amin,0.000051,118.13295
Adalberto,0.000051,118.133001
Elby,0.00005,118.133051
Fuller,0.00005,118.133101
Ham,0.00005,118.133151
Lacey,0.00005,118.133201
Lilburn,0.00005,118.133251
Lovett,0.00005,118.133301
Pratt,0.00005,118.133351
Ruffin,0.00005,118.133401
Edw,0.00005,118.133451
Fed,0.00005,118.133501
Hjalmar,0.00005,118.133551
Levin,0.00005,118.133601
Redmond,0.00005,118.133651
Conard,0.00005,118.133701
Neely,0.00005,118.133751
Rance,0.00005,118.133801
Red,0.00005,118.133851
Aubra,0.00005,118.133901
Avon,0.00005,118.133951
Bolden,0.00005,118.134001
Jeffie,0.00005,118.134051
Lexie,0.00005,118.134101
Link,0.00005,118.134151
Hymen,0.00005,118.134201
Auguste,0.000049,118.13425
Clabe,0.000049,118.134299
Hansford,0.000049,118.134348
Lone,0.000049,118.134397
Wenzel,0.000049,118.134446
Ignatz,0.000049,118.134495
Oley,0.000049,118.134544
Osborn,0.000049,118.134593
Shep,0.000049,118.134642
Dabney,0.000049,118.134691
Diamond,0.000049,118.13474
Arvo,0.000049,118.134789
Gerhardt,0.000049,118.134838
Hasan,0.000049,118.134887
Joseluis,0.000049,118.134936000001
Audy,0.000048,118.134984
Donat,0.000048,118.135032
Emmons,0.000048,118.135080000001
Esley,0.000048,118.135128000001
Melbourne,0.000048,118.135176000001
Therman,0.000048,118.135224000001
Bjorn,0.000048,118.135272000001
Brantley,0.000048,118.135320000001
Alwin,0.000047,118.135367000001
Gilmore,0.000047,118.135414000001
Saverio,0.000047,118.135461000001
Orvin,0.000047,118.135508000001
Carmel,0.000047,118.135555000001
Metro,0.000047,118.135602000001
Akira,0.000047,118.135649000001
Hung,0.000047,118.135696000001
Elonzo,0.000046,118.135742000001
Emry,0.000046,118.135788
Esequiel,0.000046,118.135834000001
Esta,0.000046,118.13588
Manly,0.000046,118.135926000001
Marius,0.000046,118.135972
Marrion,0.000046,118.136018
Mercer,0.000046,118.136064
Philo,0.000046,118.13611
Primus,0.000046,118.136156
Prosper,0.000046,118.136202
Pryor,0.000046,118.136248
Roll,0.000046,118.136294
Wiliam,0.000046,118.13634
Wing,0.000046,118.136386
Bliss,0.000046,118.136432
Cassie,0.000046,118.136478
Dorr,0.000046,118.136524
Gilford,0.000046,118.13657
Graves,0.000046,118.136616
Hillery,0.000046,118.136662
Benjman,0.000046,118.136708
Celestino,0.000046,118.136754
Della,0.000046,118.1368
Hart,0.000046,118.136846
Hilmer,0.000046,118.136892
Le,0.000046,118.136938
Liston,0.000046,118.136984
Lott,0.000046,118.13703
Algot,0.000046,118.137076
Alphons,0.000046,118.137122
Barnard,0.000046,118.137168
Berkley,0.000046,118.137214
Caroline,0.000046,118.13726
Beulah,0.000046,118.137306
Burleigh,0.000046,118.137352
Con,0.000046,118.137398
Ebert,0.000046,118.137444
Acy,0.000046,118.13749
Arthor,0.000046,118.137536
Boysie,0.000046,118.137582
Laddie,0.000046,118.137628
Jabbar,0.000046,118.137674
Jerimy,0.000046,118.13772
Trumaine,0.000046,118.137766
Berlin,0.000045,118.137811
Winifred,0.000045,118.137856
Fidencio,0.000045,118.137901
Orlin,0.000045,118.137946
Ricci,0.000045,118.137991
Diallo,0.000045,118.138036
Blanchard,0.000044,118.13808
Bose,0.000044,118.138124
Charle,0.000044,118.138168
Emett,0.000044,118.138212
Grove,0.000044,118.138256
Hanson,0.000044,118.1383
Jep,0.000044,118.138344
Linzy,0.000044,118.138388
Lovie,0.000044,118.138432
Lute,0.000044,118.138476
Dimitrios,0.000044,118.13852
Torry,0.000044,118.138564
Demetric,0.000044,118.138608
Huy,0.000044,118.138652
Crystal,0.000044,118.138696
Atha,0.000043,118.138739
Drury,0.000043,118.138782
Elon,0.000043,118.138825
Fount,0.000043,118.138868
Kareen,0.000043,118.138911
Rebecca,0.000043,118.138954
Tavaris,0.000043,118.138997
Agustus,0.000042,118.139039
Baldwin,0.000042,118.139081
Ceylon,0.000042,118.139123
Edie,0.000042,118.139165
Firman,0.000042,118.139207
Hays,0.000042,118.139249
Hunt,0.000042,118.139291
Isam,0.000042,118.139333
Jabez,0.000042,118.139375
Acey,0.000042,118.139417
Algernon,0.000042,118.139459
Amasa,0.000042,118.139501
Amil,0.000042,118.139543
Calhoun,0.000042,118.139585
Colbert,0.000042,118.139627
Abie,0.000042,118.139669
Alver,0.000042,118.139711
Anatole,0.000042,118.139753
Boone,0.000042,118.139795
Claiborne,0.000042,118.139837
Almus,0.000042,118.139879
Darl,0.000042,118.139921
Tal,0.000042,118.139963
Mauro,0.000042,118.140005
Alby,0.000041,118.140046
Alcee,0.000041,118.140087
Caswell,0.000041,118.140128
Ell,0.000041,118.140169
Greene,0.000041,118.14021
Blain,0.000041,118.140251
Bowman,0.000041,118.140292
Bunk,0.000041,118.140333
Marilyn,0.000041,118.140374
Abelardo,0.000041,118.140415
Delwin,0.00004,118.140455
Harlon,0.000039,118.140494
Delma,0.000038,118.140532
Ozell,0.000038,118.14057
Wendel,0.000038,118.140608
Eusebio,0.000034,118.140642
Lucky,0.000034,118.140676
Anthoney,0.000034,118.14071
Cornel,0.000032,118.140742
Rahn,0.000032,118.140774
Tina,0.000032,118.140806
Kathleen,0.000031,118.140837
Mikeal,0.000031,118.140868
Kem,0.000031,118.140899
Erasmo,0.00003,118.140929
Diane,0.000029,118.140958
Cheryl,0.000028,118.140986
Dwyane,0.000028,118.141014
Danniel,0.000027,118.141041
Kennard,0.000027,118.141068
